a,1,,a,,,,,,,,,,
abandon,7,,a,,b,a,n,d,o,n,,,
ability,7,,a,,b,i,l,,i,,t,y,
able,4,,a,,bl,e,,,,,,,
abolish,7,,a,,b,o,l,,i,sh,,,
about,5,,a,,b,ou,t,,,,,,
above,5,,a,,b,o,ve,,,,,,
abroad,6,,a,,br,oa,d,,,,,,
absence,7,,a,b,s,e,nce,,,,,,
absent,6,,a,b,s,e,nt,,,,,,
absorb,6,,a,b,s,o,rb,,,,,,
absurd,6,,a,b,s,u,rd,,,,,,
abuse,5,,a,,b,u,se,,,,,,
academy,7,,a,,c,a,d,,e,,m,y,
accent,6,,a,c,c,e,nt,,,,,,
accept,6,,a,c,c,e,pt,,,,,,
access,6,,a,c,c,e,ss,,,,,,
account,7,,a,c,c,ou,nt,,,,,,
accuse,6,,a,c,c,u,se,,,,,,
accused,7,,a,c,c,u,sed,,,,,,
achieve,7,,a,,ch,ie,ve,,,,,,
acid,4,,a,c,,i,d,,,,,,
acquire,7,,a,c,q,ui,re,,,,,,
acre,4,,a,,cr,e,,,,,,,
across,6,,a,,cr,o,ss,,,,,,
act,3,,a,ct,,,,,,,,,
action,6,,a,c,t,io,n,,,,,,
active,6,,a,c,t,i,ve,,,,,,
actor,5,,a,c,t,o,r,,,,,,
actress,7,,a,c,tr,e,ss,,,,,,
actual,6,,a,c,t,u,,,a,l,,,
acute,5,,a,,c,u,te,,,,,,
ad,2,,a,d,,,,,,,,,
adapt,5,,a,,d,a,pt,,,,,,
add,3,,a,dd,,,,,,,,,
address,7,,a,d,dr,e,ss,,,,,,
adhere,6,,a,d,h,e,re,,,,,,
adjust,6,,a,d,j,u,st,,,,,,
admire,6,,a,d,m,i,re,,,,,,
admit,5,,a,d,m,i,t,,,,,,
adopt,5,,a,,d,o,pt,,,,,,
adult,5,,a,,d,u,lt,,,,,,
advance,7,,a,d,v,a,nce,,,,,,
adverse,7,,a,d,v,e,rse,,,,,,
advice,6,,a,d,v,i,ce,,,,,,
advise,6,,a,d,v,i,se,,,,,,
affair,6,,a,f,f,ai,r,,,,,,
affect,6,,a,f,f,e,ct,,,,,,
afford,6,,a,f,f,o,rd,,,,,,
afraid,6,,a,,fr,ai,d,,,,,,
after,5,,a,f,t,e,r,,,,,,
again,5,,a,,g,ai,n,,,,,,
against,7,,a,,g,ai,nst,,,,,,
age,3,,a,ge,,,,,,,,,
aged,4,,a,ged,,,,,,,,,
agency,6,,a,,g,e,n,c,y,,,,
agenda,6,,a,,g,e,n,d,a,,,,
agent,5,,a,,g,e,nt,,,,,,
ago,3,,a,,g,o,,,,,,,
agree,5,,a,,gr,ee,,,,,,,
ahead,5,,a,,h,ea,d,,,,,,
aid,3,,ai,d,,,,,,,,,
aide,4,,ai,de,,,,,,,,,
aim,3,,ai,m,,,,,,,,,
air,3,,ai,r,,,,,,,,,
airline,7,,ai,r,l,i,ne,,,,,,
airport,7,,ai,r,p,o,rt,,,,,,
alarm,5,,a,,l,a,rm,,,,,,
albeit,6,,a,l,b,e,,,i,t,,,
album,5,,a,l,b,u,m,,,,,,
alcohol,7,,a,l,c,o,,h,o,l,,,
alert,5,,a,,l,e,rt,,,,,,
alien,5,,a,,l,i,,,e,n,,,
align,5,,a,,l,i,gn,,,,,,
alike,5,,a,,l,i,ke,,,,,,
alive,5,,a,,l,i,ve,,,,,,
all,3,,a,ll,,,,,,,,,
allege,6,,a,l,l,e,ge,,,,,,
allow,5,,a,l,l,o,w,,,,,,
ally,4,,a,l,l,y,,,,,,,
almost,6,,a,l,m,o,st,,,,,,
alone,5,,a,,l,o,ne,,,,,,
along,5,,a,,l,o,ng,,,,,,
already,7,,a,l,r,ea,d,,y,,,,
also,4,,a,l,s,o,,,,,,,
alter,5,,a,l,t,e,r,,,,,,
always,6,,a,l,,way,s,,,,,,
amateur,7,,a,m,,a,,t,eu,r,,,
amazed,6,,a,,m,a,zed,,,,,,
amazing,7,,a,,m,a,z,,i,ng,,,
amend,5,,a,,m,e,nd,,,,,,
amid,4,,a,,m,i,d,,,,,,
among,5,,a,,m,o,ng,,,,,,
amount,6,,a,,m,ou,nt,,,,,,
amusing,7,,a,,m,u,s,,i,ng,,,
analogy,7,,a,,n,a,l,,o,,g,y,
analyse,7,,a,n,,a,,l,y,se,,,
analyst,7,,a,n,,a,,l,y,st,,,
anchor,6,,a,n,ch,o,r,,,,,,
ancient,7,,a,n,c,ie,nt,,,,,,
and,3,,a,nd,,,,,,,,,
angel,5,,a,n,g,e,l,,,,,,
anger,5,,a,n,g,e,r,,,,,,
angle,5,,a,n,gl,e,,,,,,,
angrily,7,,a,n,gr,i,,l,y,,,,
angry,5,,a,n,gr,y,,,,,,,
animal,6,,a,n,,i,,m,a,l,,,
ankle,5,,a,n,kl,e,,,,,,,
annoy,5,,a,n,n,o,y,,,,,,
annoyed,7,,a,n,n,oye,d,,,,,,
annual,6,,a,n,n,u,,,a,l,,,
another,7,,a,n,,o,th,,e,r,,,
answer,6,,a,n,s,we,r,,,,,,
anxiety,7,,a,nx,,i,,,e,,t,y,
anxious,7,,a,nx,,iou,s,,,,,,
any,3,,a,,n,y,,,,,,,
anybody,7,,a,n,,y,,b,o,d,,y,
anyone,6,,a,n,,y,,,o,ne,,,
anyway,6,,a,n,,y,,,way,,,,
apart,5,,a,,p,a,rt,,,,,,
apology,7,,a,,p,o,l,,o,,g,y,
app,3,,a,pp,,,,,,,,,
appeal,6,,a,p,p,ea,l,,,,,,
appear,6,,a,p,p,ea,r,,,,,,
applaud,7,,a,p,pl,au,d,,,,,,
apple,5,,a,p,pl,e,,,,,,,
apply,5,,a,p,pl,y,,,,,,,
appoint,7,,a,p,p,oi,nt,,,,,,
approve,7,,a,p,pr,o,ve,,,,,,
april,5,,a,,pr,i,l,,,,,,
archive,7,,a,r,ch,i,ve,,,,,,
area,4,,a,r,,e,,,a,,,,
arena,5,,a,,r,e,,n,a,,,,
argue,5,,a,r,g,ue,,,,,,,
arise,5,,a,,r,i,se,,,,,,
arm,3,,a,rm,,,,,,,,,
armed,5,,a,rmed,,,,,,,,,
arms,4,,a,rms,,,,,,,,,
army,4,,a,r,m,y,,,,,,,
around,6,,a,,r,ou,nd,,,,,,
arrange,7,,a,r,r,a,nge,,,,,,
array,5,,a,r,r,ay,,,,,,,
arrest,6,,a,r,r,e,st,,,,,,
arrival,7,,a,r,r,i,,v,a,l,,,
arrive,6,,a,r,r,i,ve,,,,,,
arrow,5,,a,r,r,ow,,,,,,,
art,3,,a,rt,,,,,,,,,
article,7,,a,r,t,i,,cl,e,,,,
artist,6,,a,rt,,i,st,,,,,,
artwork,7,,a,rt,,wo,rk,,,,,,
as,2,,a,s,,,,,,,,,
ash,3,,a,sh,,,,,,,,,
ashamed,7,,a,,sh,a,med,,,,,,
aside,5,,a,,s,i,de,,,,,,
ask,3,,a,sk,,,,,,,,,
asleep,6,,a,,sl,ee,p,,,,,,
aspect,6,,a,s,p,e,ct,,,,,,
aspire,6,,a,s,p,i,re,,,,,,
assault,7,,a,s,s,au,lt,,,,,,
assert,6,,a,s,s,e,rt,,,,,,
assess,6,,a,s,s,e,ss,,,,,,
asset,5,,a,s,s,e,t,,,,,,
assign,6,,a,s,s,i,gn,,,,,,
assist,6,,a,s,s,i,st,,,,,,
assume,6,,a,s,s,u,me,,,,,,
assure,6,,a,s,s,u,re,,,,,,
asylum,6,,a,,s,y,,l,u,m,,,
at,2,,a,t,,,,,,,,,
athlete,7,,a,th,l,e,te,,,,,,
attach,6,,a,t,t,a,ch,,,,,,
attack,6,,a,t,t,a,ck,,,,,,
attain,6,,a,t,t,ai,n,,,,,,
attempt,7,,a,t,t,e,mpt,,,,,,
attend,6,,a,t,t,e,nd,,,,,,
attract,7,,a,t,tr,a,ct,,,,,,
auction,7,,au,c,t,io,n,,,,,,
audio,5,,au,,d,i,,,o,,,,
audit,5,,au,,d,i,t,,,,,,
august,6,,au,,g,u,st,,,,,,
aunt,4,,au,nt,,,,,,,,,
author,6,,au,,th,o,r,,,,,,
auto,4,,au,,t,o,,,,,,,
autumn,6,,au,,t,u,mn,,,,,,
average,7,,a,v,,e,r,,a,ge,,,
avoid,5,,a,,v,oi,d,,,,,,
await,5,,a,,,wai,t,,,,,,
award,5,,awa,rd,,,,,,,,,
aware,5,,a,,,wa,re,,,,,,
away,4,,a,,,way,,,,,,,
awful,5,,aw,,f,u,l,,,,,,
awkward,7,,aw,k,,wa,rd,,,,,,
baby,4,b,a,,b,y,,,,,,,
back,4,b,a,ck,,,,,,,,,
backing,7,b,a,ck,,i,ng,,,,,,
backup,6,b,a,ck,,u,p,,,,,,
bad,3,b,a,d,,,,,,,,,
badge,5,b,a,dge,,,,,,,,,
badly,5,b,a,d,l,y,,,,,,,
bag,3,b,a,g,,,,,,,,,
bail,4,b,ai,l,,,,,,,,,
bake,4,b,a,ke,,,,,,,,,
balance,7,b,a,l,,a,nce,,,,,,
ball,4,b,a,ll,,,,,,,,,
ballet,6,b,a,l,l,e,t,,,,,,
balloon,7,b,a,l,l,oo,n,,,,,,
ballot,6,b,a,l,l,o,t,,,,,,
ban,3,b,a,n,,,,,,,,,
banana,6,b,a,,n,a,n,,a,,,,
band,4,b,a,nd,,,,,,,,,
bank,4,b,a,nk,,,,,,,,,
banner,6,b,a,n,n,e,r,,,,,,
bar,3,b,a,r,,,,,,,,,
bare,4,b,a,re,,,,,,,,,
barely,6,b,a,re,l,y,,,,,,,
bargain,7,b,a,r,g,ai,n,,,,,,
barrel,6,b,a,r,r,e,l,,,,,,
barrier,7,b,a,r,r,i,,,e,r,,,
base,4,b,a,se,,,,,,,,,
based,5,b,a,sed,,,,,,,,,
basic,5,b,a,,s,i,c,,,,,,
basis,5,b,a,,s,i,s,,,,,,
basket,6,b,a,s,k,e,t,,,,,,
bass,4,b,a,ss,,,,,,,,,
bat,3,b,a,t,,,,,,,,,
bath,4,b,a,th,,,,,,,,,
battery,7,b,a,t,t,e,r,,y,,,,
battle,6,b,a,t,tl,e,,,,,,,
bay,3,b,ay,,,,,,,,,,
be,2,b,e,,,,,,,,,,
beach,5,b,ea,ch,,,,,,,,,
beam,4,b,ea,m,,,,,,,,,
bean,4,b,ea,n,,,,,,,,,
bear,4,b,ea,r,,,,,,,,,
beast,5,b,ea,st,,,,,,,,,
beat,4,b,ea,t,,,,,,,,,
beauty,6,b,eau,,t,y,,,,,,,
because,7,b,e,,c,au,se,,,,,,
become,6,b,e,,c,o,me,,,,,,
bed,3,b,e,d,,,,,,,,,
bedroom,7,b,e,d,r,oo,m,,,,,,
bee,3,b,ee,,,,,,,,,,
beef,4,b,ee,f,,,,,,,,,
beer,4,b,ee,r,,,,,,,,,
before,6,b,e,,f,o,re,,,,,,
beg,3,b,e,g,,,,,,,,,
begin,5,b,e,,g,i,n,,,,,,
behalf,6,b,e,,h,a,lf,,,,,,
behave,6,b,e,,h,a,ve,,,,,,
behind,6,b,e,,h,i,nd,,,,,,
being,5,b,ei,ng,,,,,,,,,
belief,6,b,e,,l,ie,f,,,,,,
believe,7,b,e,,l,ie,ve,,,,,,
bell,4,b,e,ll,,,,,,,,,
belong,6,b,e,,l,o,ng,,,,,,
beloved,7,b,e,,l,o,v,,e,d,,,
below,5,b,e,,l,o,w,,,,,,
belt,4,b,e,lt,,,,,,,,,
bench,5,b,e,nch,,,,,,,,,
bend,4,b,e,nd,,,,,,,,,
beneath,7,b,e,,n,ea,th,,,,,,
benefit,7,b,e,n,,e,,f,i,t,,,
bent,4,b,e,nt,,,,,,,,,
beside,6,b,e,,s,i,de,,,,,,
besides,7,b,e,,s,i,des,,,,,,
best,4,b,e,st,,,,,,,,,
bet,3,b,e,t,,,,,,,,,
betray,6,b,e,,tr,ay,,,,,,,
better,6,b,e,t,t,e,r,,,,,,
between,7,b,e,,t,wee,n,,,,,,
beyond,6,b,e,,,yo,nd,,,,,,
bias,4,b,ia,s,,,,,,,,,
bicycle,7,b,i,,c,y,,cl,e,,,,
bid,3,b,i,d,,,,,,,,,
big,3,b,i,g,,,,,,,,,
bike,4,b,i,ke,,,,,,,,,
bill,4,b,i,ll,,,,,,,,,
billion,7,b,i,l,l,io,n,,,,,,
bin,3,b,i,n,,,,,,,,,
bind,4,b,i,nd,,,,,,,,,
biology,7,b,i,,,o,l,,o,,g,y,
bird,4,b,i,rd,,,,,,,,,
birth,5,b,i,rth,,,,,,,,,
biscuit,7,b,i,s,c,ui,t,,,,,,
bishop,6,b,i,sh,,o,p,,,,,,
bit,3,b,i,t,,,,,,,,,
bite,4,b,i,te,,,,,,,,,
bitter,6,b,i,t,t,e,r,,,,,,
bizarre,7,b,i,,z,a,rre,,,,,,
black,5,bl,a,ck,,,,,,,,,
blade,5,bl,a,de,,,,,,,,,
blame,5,bl,a,me,,,,,,,,,
blank,5,bl,a,nk,,,,,,,,,
blanket,7,bl,a,n,k,e,t,,,,,,
blast,5,bl,a,st,,,,,,,,,
bleed,5,bl,ee,d,,,,,,,,,
blend,5,bl,e,nd,,,,,,,,,
bless,5,bl,e,ss,,,,,,,,,
blind,5,bl,i,nd,,,,,,,,,
block,5,bl,o,ck,,,,,,,,,
blog,4,bl,o,g,,,,,,,,,
blonde,6,bl,o,nde,,,,,,,,,
blood,5,bl,oo,d,,,,,,,,,
blow,4,bl,ow,,,,,,,,,,
blue,4,bl,ue,,,,,,,,,,
board,5,b,oa,rd,,,,,,,,,
boast,5,b,oa,st,,,,,,,,,
boat,4,b,oa,t,,,,,,,,,
body,4,b,o,d,,y,,,,,,,
boil,4,b,oi,l,,,,,,,,,
bold,4,b,o,ld,,,,,,,,,
bomb,4,b,o,mb,,,,,,,,,
bombing,7,b,o,mb,,i,ng,,,,,,
bond,4,b,o,nd,,,,,,,,,
bone,4,b,o,ne,,,,,,,,,
bonus,5,b,o,,n,u,s,,,,,,
book,4,b,oo,k,,,,,,,,,
booking,7,b,oo,k,,i,ng,,,,,,
boom,4,b,oo,m,,,,,,,,,
boost,5,b,oo,st,,,,,,,,,
boot,4,b,oo,t,,,,,,,,,
border,6,b,o,r,d,e,r,,,,,,
bored,5,b,o,red,,,,,,,,,
boring,6,b,o,r,,i,ng,,,,,,
born,4,b,o,rn,,,,,,,,,
borrow,6,b,o,r,r,ow,,,,,,,
boss,4,b,o,ss,,,,,,,,,
both,4,b,o,th,,,,,,,,,
bother,6,b,o,th,,e,r,,,,,,
bottle,6,b,o,t,tl,e,,,,,,,
bottom,6,b,o,t,t,o,m,,,,,,
bounce,6,b,ou,nce,,,,,,,,,
bound,5,b,ou,nd,,,,,,,,,
bow,3,b,ow,,,,,,,,,,
bowl,4,b,ow,l,,,,,,,,,
box,3,b,o,x,,,,,,,,,
boy,3,b,oy,,,,,,,,,,
brain,5,br,ai,n,,,,,,,,,
branch,6,br,a,nch,,,,,,,,,
brand,5,br,a,nd,,,,,,,,,
brave,5,br,a,ve,,,,,,,,,
breach,6,br,ea,ch,,,,,,,,,
bread,5,br,ea,d,,,,,,,,,
break,5,br,ea,k,,,,,,,,,
breast,6,br,ea,st,,,,,,,,,
breath,6,br,ea,th,,,,,,,,,
breathe,7,br,ea,the,,,,,,,,,
breed,5,br,ee,d,,,,,,,,,
brick,5,br,i,ck,,,,,,,,,
bride,5,br,i,de,,,,,,,,,
bridge,6,br,i,dge,,,,,,,,,
brief,5,br,ie,f,,,,,,,,,
briefly,7,br,ie,f,l,y,,,,,,,
bright,6,br,i,ght,,,,,,,,,
bring,5,br,i,ng,,,,,,,,,
broad,5,br,oa,d,,,,,,,,,
broadly,7,br,oa,d,l,y,,,,,,,
broken,6,br,o,,k,e,n,,,,,,
brother,7,br,o,th,,e,r,,,,,,
brown,5,br,ow,n,,,,,,,,,
browser,7,br,ow,s,,e,r,,,,,,
brush,5,br,u,sh,,,,,,,,,
brutal,6,br,u,,t,a,l,,,,,,
bubble,6,b,u,b,bl,e,,,,,,,
buck,4,b,u,ck,,,,,,,,,
buddy,5,b,u,d,d,y,,,,,,,
budget,6,b,u,dg,,e,t,,,,,,
buffer,6,b,u,ff,,e,r,,,,,,
bug,3,b,u,g,,,,,,,,,
build,5,b,ui,ld,,,,,,,,,
bulk,4,b,u,lk,,,,,,,,,
bullet,6,b,u,l,l,e,t,,,,,,
bunch,5,b,u,nch,,,,,,,,,
burden,6,b,u,r,d,e,n,,,,,,
burial,6,b,u,r,,i,,,a,l,,,
burn,4,b,u,rn,,,,,,,,,
burst,5,b,u,rst,,,,,,,,,
bury,4,b,u,ry,,,,,,,,,
bus,3,b,u,s,,,,,,,,,
bush,4,b,u,sh,,,,,,,,,
busy,4,b,u,s,,y,,,,,,,
but,3,b,u,t,,,,,,,,,
butter,6,b,u,t,t,e,r,,,,,,
button,6,b,u,t,t,o,n,,,,,,
buy,3,b,uy,,,,,,,,,,
by,2,b,y,,,,,,,,,,
bye,3,b,ye,,,,,,,,,,
cabin,5,c,a,b,,i,n,,,,,,
cabinet,7,c,a,b,,i,,n,e,t,,,
cable,5,c,a,,bl,e,,,,,,,
cafe,4,c,a,,f,e,,,,,,,
cake,4,c,a,ke,,,,,,,,,
call,4,c,a,ll,,,,,,,,,
calm,4,c,a,lm,,,,,,,,,
camera,6,c,a,m,,e,r,,a,,,,
camp,4,c,a,mp,,,,,,,,,
camping,7,c,a,mp,,i,ng,,,,,,
campus,6,c,a,m,p,u,s,,,,,,
can,3,c,a,n,,,,,,,,,
canal,5,c,a,,n,a,l,,,,,,
cancel,6,c,a,n,c,e,l,,,,,,
cancer,6,c,a,n,c,e,r,,,,,,
candle,6,c,a,n,dl,e,,,,,,,
cannot,6,c,a,n,n,o,t,,,,,,
canvas,6,c,a,n,v,a,s,,,,,,
cap,3,c,a,p,,,,,,,,,
capable,7,c,a,,p,a,,bl,e,,,,
capital,7,c,a,p,,i,,t,a,l,,,
captain,7,c,a,p,t,ai,n,,,,,,
capture,7,c,a,p,t,u,re,,,,,,
car,3,c,a,r,,,,,,,,,
carbon,6,c,a,r,b,o,n,,,,,,
card,4,c,a,rd,,,,,,,,,
care,4,c,a,re,,,,,,,,,
career,6,c,a,,r,ee,r,,,,,,
careful,7,c,a,re,f,u,l,,,,,,
cargo,5,c,a,r,g,o,,,,,,,
carpet,6,c,a,r,p,e,t,,,,,,
carrot,6,c,a,r,r,o,t,,,,,,
carry,5,c,a,r,r,y,,,,,,,
cartoon,7,c,a,r,t,oo,n,,,,,,
carve,5,c,a,rve,,,,,,,,,
case,4,c,a,se,,,,,,,,,
cash,4,c,a,sh,,,,,,,,,
casino,6,c,a,,s,i,,n,o,,,,
cast,4,c,a,st,,,,,,,,,
castle,6,c,a,s,tl,e,,,,,,,
casual,6,c,a,s,,u,,,a,l,,,
cat,3,c,a,t,,,,,,,,,
catch,5,c,a,tch,,,,,,,,,
cater,5,c,a,t,,e,r,,,,,,
cattle,6,c,a,t,tl,e,,,,,,,
cause,5,c,au,se,,,,,,,,,
caution,7,c,au,,t,io,n,,,,,,
cave,4,c,a,ve,,,,,,,,,
cease,5,c,ea,se,,,,,,,,,
ceiling,7,c,ei,l,,i,ng,,,,,,
cell,4,c,e,ll,,,,,,,,,
cent,4,c,e,nt,,,,,,,,,
central,7,c,e,n,tr,a,l,,,,,,
centre,6,c,e,n,tr,e,,,,,,,
century,7,c,e,n,t,u,,r,y,,,,
certain,7,c,e,r,t,ai,n,,,,,,
chain,5,ch,ai,n,,,,,,,,,
chair,5,ch,ai,r,,,,,,,,,
chamber,7,ch,a,m,b,e,r,,,,,,
chance,6,ch,a,nce,,,,,,,,,
change,6,ch,a,nge,,,,,,,,,
channel,7,ch,a,n,n,e,l,,,,,,
chaos,5,ch,ao,s,,,,,,,,,
chapter,7,ch,a,p,t,e,r,,,,,,
charge,6,ch,a,rge,,,,,,,,,
charity,7,ch,a,r,,i,,t,y,,,,
charm,5,ch,a,rm,,,,,,,,,
chart,5,ch,a,rt,,,,,,,,,
charter,7,ch,a,r,t,e,r,,,,,,
chase,5,ch,a,se,,,,,,,,,
chat,4,ch,a,t,,,,,,,,,
cheap,5,ch,ea,p,,,,,,,,,
cheat,5,ch,ea,t,,,,,,,,,
check,5,ch,e,ck,,,,,,,,,
cheek,5,ch,ee,k,,,,,,,,,
cheer,5,ch,ee,r,,,,,,,,,
cheese,6,ch,ee,se,,,,,,,,,
chef,4,ch,e,f,,,,,,,,,
chest,5,ch,e,st,,,,,,,,,
chicken,7,ch,i,ck,,e,n,,,,,,
chief,5,ch,ie,f,,,,,,,,,
child,5,ch,i,ld,,,,,,,,,
chip,4,ch,i,p,,,,,,,,,
choice,6,ch,oi,ce,,,,,,,,,
choir,5,ch,oi,r,,,,,,,,,
choose,6,ch,oo,se,,,,,,,,,
chop,4,ch,o,p,,,,,,,,,
chronic,7,chr,o,n,,i,c,,,,,,
chunk,5,ch,u,nk,,,,,,,,,
church,6,ch,u,rch,,,,,,,,,
cinema,6,c,i,n,,e,,m,a,,,,
circle,6,c,i,r,cl,e,,,,,,,
circuit,7,c,i,r,c,ui,t,,,,,,
cite,4,c,i,te,,,,,,,,,
citizen,7,c,i,t,,i,,z,e,n,,,
city,4,c,i,t,,y,,,,,,,
civic,5,c,i,v,,i,c,,,,,,
civil,5,c,i,v,,i,l,,,,,,
claim,5,cl,ai,m,,,,,,,,,
clarify,7,cl,a,r,,i,,f,y,,,,
clarity,7,cl,a,r,,i,,t,y,,,,
clash,5,cl,a,sh,,,,,,,,,
class,5,cl,a,ss,,,,,,,,,
classic,7,cl,a,s,s,i,c,,,,,,
clause,6,cl,au,se,,,,,,,,,
clean,5,cl,ea,n,,,,,,,,,
clear,5,cl,ea,r,,,,,,,,,
clearly,7,cl,ea,r,l,y,,,,,,,
clerk,5,cl,e,rk,,,,,,,,,
clever,6,cl,e,v,,e,r,,,,,,
click,5,cl,i,ck,,,,,,,,,
client,6,cl,i,,,e,nt,,,,,,
cliff,5,cl,i,ff,,,,,,,,,
climate,7,cl,i,,m,a,te,,,,,,
climb,5,cl,i,mb,,,,,,,,,
cling,5,cl,i,ng,,,,,,,,,
clinic,6,cl,i,n,,i,c,,,,,,
clip,4,cl,i,p,,,,,,,,,
clock,5,cl,o,ck,,,,,,,,,
close,5,cl,o,se,,,,,,,,,
closed,6,cl,o,sed,,,,,,,,,
closely,7,cl,o,se,l,y,,,,,,,
closure,7,cl,o,,s,u,re,,,,,,
cloth,5,cl,o,th,,,,,,,,,
clothes,7,cl,o,thes,,,,,,,,,
cloud,5,cl,ou,d,,,,,,,,,
club,4,cl,u,b,,,,,,,,,
clue,4,cl,u,e,,,,,,,,,
cluster,7,cl,u,s,t,e,r,,,,,,
coach,5,c,oa,ch,,,,,,,,,
coal,4,c,oa,l,,,,,,,,,
coast,5,c,oa,st,,,,,,,,,
coastal,7,c,oa,st,,a,l,,,,,,
coat,4,c,oa,t,,,,,,,,,
code,4,c,o,de,,,,,,,,,
coffee,6,c,o,f,f,ee,,,,,,,
coin,4,c,oi,n,,,,,,,,,
cold,4,c,o,ld,,,,,,,,,
collect,7,c,o,l,l,e,ct,,,,,,
college,7,c,o,l,l,e,ge,,,,,,
colony,6,c,o,l,,o,,n,y,,,,
colour,6,c,o,l,,ou,r,,,,,,
column,6,c,o,l,,u,mn,,,,,,
combat,6,c,o,m,b,a,t,,,,,,
combine,7,c,o,m,b,i,ne,,,,,,
come,4,c,o,me,,,,,,,,,
comedy,6,c,o,m,,e,,d,y,,,,
comfort,7,c,o,m,f,o,rt,,,,,,
comic,5,c,o,m,,i,c,,,,,,
command,7,c,o,m,m,a,nd,,,,,,
comment,7,c,o,m,m,e,nt,,,,,,
commit,6,c,o,m,m,i,t,,,,,,
common,6,c,o,m,m,o,n,,,,,,
company,7,c,o,m,p,a,,n,y,,,,
compare,7,c,o,m,p,a,re,,,,,,
compel,6,c,o,m,p,e,l,,,,,,
compete,7,c,o,m,p,e,te,,,,,,
compile,7,c,o,m,p,i,le,,,,,,
complex,7,c,o,m,pl,e,x,,,,,,
comply,6,c,o,m,pl,y,,,,,,,
compose,7,c,o,m,p,o,se,,,,,,
compute,7,c,o,m,p,u,te,,,,,,
conceal,7,c,o,n,c,ea,l,,,,,,
concede,7,c,o,n,c,e,de,,,,,,
concept,7,c,o,n,c,e,pt,,,,,,
concern,7,c,o,n,c,e,rn,,,,,,
concert,7,c,o,n,c,e,rt,,,,,,
condemn,7,c,o,n,d,e,mn,,,,,,
conduct,7,c,o,n,d,u,ct,,,,,,
confer,6,c,o,n,f,e,r,,,,,,
confess,7,c,o,n,f,e,ss,,,,,,
confine,7,c,o,n,f,i,ne,,,,,,
confirm,7,c,o,n,f,i,rm,,,,,,
confuse,7,c,o,n,f,u,se,,,,,,
connect,7,c,o,n,n,e,ct,,,,,,
conquer,7,c,o,n,q,ue,r,,,,,,
consent,7,c,o,n,s,e,nt,,,,,,
consist,7,c,o,n,s,i,st,,,,,,
consult,7,c,o,n,s,u,lt,,,,,,
consume,7,c,o,n,s,u,me,,,,,,
contact,7,c,o,n,t,a,ct,,,,,,
contain,7,c,o,n,t,ai,n,,,,,,
contend,7,c,o,n,t,e,nd,,,,,,
content,7,c,o,n,t,e,nt,,,,,,
content,7,c,o,n,t,e,nt,,,,,,
contest,7,c,o,n,t,e,st,,,,,,
context,7,c,o,n,t,e,xt,,,,,,
control,7,c,o,n,tr,o,l,,,,,,
convert,7,c,o,n,v,e,rt,,,,,,
convey,6,c,o,n,v,ey,,,,,,,
convict,7,c,o,n,v,i,ct,,,,,,
cook,4,c,oo,k,,,,,,,,,
cooker,6,c,oo,k,,e,r,,,,,,
cooking,7,c,oo,k,,i,ng,,,,,,
cool,4,c,oo,l,,,,,,,,,
cop,3,c,o,p,,,,,,,,,
cope,4,c,o,pe,,,,,,,,,
copper,6,c,o,p,p,e,r,,,,,,
copy,4,c,o,p,,y,,,,,,,
core,4,c,o,re,,,,,,,,,
corner,6,c,o,r,n,e,r,,,,,,
correct,7,c,o,r,r,e,ct,,,,,,
corrupt,7,c,o,r,r,u,pt,,,,,,
cost,4,c,o,st,,,,,,,,,
costly,6,c,o,st,l,y,,,,,,,
costume,7,c,o,s,t,u,me,,,,,,
cottage,7,c,o,t,t,a,ge,,,,,,
cotton,6,c,o,t,t,o,n,,,,,,
could,5,c,ou,ld,,,,,,,,,
council,7,c,ou,n,c,i,l,,,,,,
count,5,c,ou,nt,,,,,,,,,
counter,7,c,ou,nt,,e,r,,,,,,
country,7,c,ou,n,tr,y,,,,,,,
county,6,c,ou,n,t,y,,,,,,,
coup,4,c,ou,p,,,,,,,,,
couple,6,,c,ou,pl,e,,,,,,,
courage,7,c,ou,r,,a,ge,,,,,,
course,6,c,ou,rse,,,,,,,,,
court,5,c,ou,rt,,,,,,,,,
cousin,6,c,ou,s,,i,n,,,,,,
cover,5,c,o,v,,e,r,,,,,,
covered,7,c,o,v,,e,red,,,,,,
cow,3,c,ow,,,,,,,,,,
crack,5,cr,a,ck,,,,,,,,,
craft,5,cr,a,ft,,,,,,,,,
crash,5,cr,a,sh,,,,,,,,,
crawl,5,cr,aw,l,,,,,,,,,
crazy,5,cr,a,,z,y,,,,,,,
cream,5,cr,ea,m,,,,,,,,,
create,6,cr,e,,,a,te,,,,,,
creator,7,cr,e,,,a,,t,o,r,,,
credit,6,cr,e,d,,i,t,,,,,,
creep,5,cr,ee,p,,,,,,,,,
crew,4,cr,ew,,,,,,,,,,
crime,5,cr,i,me,,,,,,,,,
crisis,6,cr,i,,s,i,s,,,,,,
critic,6,cr,i,t,,i,c,,,,,,
crop,4,cr,o,p,,,,,,,,,
cross,5,cr,o,ss,,,,,,,,,
crowd,5,cr,ow,d,,,,,,,,,
crowded,7,cr,ow,d,,e,d,,,,,,
crown,5,cr,ow,n,,,,,,,,,
crucial,7,cr,u,,c,ia,l,,,,,,
crude,5,cr,u,de,,,,,,,,,
cruel,5,cr,ue,l,,,,,,,,,
cruise,6,cr,ui,se,,,,,,,,,
crush,5,cr,u,sh,,,,,,,,,
cry,3,cr,y,,,,,,,,,,
crystal,7,cr,y,s,t,a,l,,,,,,
cue,3,c,ue,,,,,,,,,,
cult,4,c,u,lt,,,,,,,,,
culture,7,c,u,l,t,u,re,,,,,,
cup,3,c,u,p,,,,,,,,,
cure,4,c,u,re,,,,,,,,,
curious,7,c,u,,r,i,,,ou,s,,,
curly,5,c,u,rl,,y,,,,,,,
current,7,c,u,r,r,e,nt,,,,,,
curtain,7,c,u,r,t,ai,n,,,,,,
curve,5,c,u,rve,,,,,,,,,
curved,6,c,u,rved,,,,,,,,,
custody,7,c,u,s,t,o,,d,y,,,,
custom,6,c,u,s,t,o,m,,,,,,
cut,3,c,u,t,,,,,,,,,
cute,4,c,u,te,,,,,,,,,
cutting,7,c,u,t,t,i,ng,,,,,,
cycle,5,c,y,,cl,e,,,,,,,
cynical,7,c,y,n,,i,,c,a,l,,,
dad,3,d,a,d,,,,,,,,,
daily,5,d,ai,,l,y,,,,,,,
dairy,5,d,ai,r,,y,,,,,,,
dam,3,d,a,m,,,,,,,,,
damage,6,d,a,m,,a,ge,,,,,,
dance,5,d,a,nce,,,,,,,,,
dancer,6,d,a,nc,,e,r,,,,,,
dancing,7,d,a,nc,,i,ng,,,,,,
danger,6,d,a,n,g,e,r,,,,,,
dare,4,d,a,re,,,,,,,,,
dark,4,d,a,rk,,,,,,,,,
data,4,d,a,,t,a,,,,,,,
date,4,d,a,te,,,,,,,,,
dawn,4,d,aw,n,,,,,,,,,
day,3,d,a,y,,,,,,,,,
dead,4,d,ea,d,,,,,,,,,
deadly,6,d,ea,d,l,y,,,,,,,
deal,4,d,ea,l,,,,,,,,,
dealer,6,d,ea,l,,e,r,,,,,,
dear,4,d,ea,r,,,,,,,,,
death,5,d,ea,th,,,,,,,,,
debate,6,d,e,,b,a,te,,,,,,
debris,6,d,e,,br,i,s,,,,,,
debt,4,d,e,bt,,,,,,,,,
debut,5,d,e,,b,u,t,,,,,,
decade,6,d,e,c,,a,de,,,,,,
decent,6,d,e,,c,e,nt,,,,,,
decide,6,d,e,,c,i,de,,,,,,
deck,4,d,e,ck,,,,,,,,,
declare,7,d,e,,cl,a,re,,,,,,
decline,7,d,e,,cl,i,ne,,,,,,
deed,4,d,ee,d,,,,,,,,,
deem,4,d,ee,m,,,,,,,,,
deep,4,d,ee,p,,,,,,,,,
deeply,6,d,ee,p,l,y,,,,,,,
default,7,d,e,,f,au,lt,,,,,,
defeat,6,d,e,,f,ea,t,,,,,,
defect,6,d,e,,f,e,ct,,,,,,
defence,7,d,e,,f,e,nce,,,,,,
defend,6,d,e,,f,e,nd,,,,,,
deficit,7,d,e,f,,i,,c,i,t,,,
define,6,d,e,,f,i,ne,,,,,,
defy,4,d,e,,f,y,,,,,,,
degree,6,d,e,,gr,ee,,,,,,,
delay,5,d,e,,l,ay,,,,,,,
delete,6,d,e,,l,e,te,,,,,,
delight,7,d,e,,l,i,ght,,,,,,
deliver,7,d,e,,l,i,v,,e,r,,,
demand,6,d,e,,m,a,nd,,,,,,
demon,5,d,e,,m,o,n,,,,,,
denial,6,d,e,,n,i,,,a,l,,,
dense,5,d,e,nse,,,,,,,,,
density,7,d,e,n,s,i,,t,y,,,,
dentist,7,d,e,n,t,i,st,,,,,,
deny,4,d,e,ny,,,,,,,,,
depart,6,d,e,,p,a,rt,,,,,,
depend,6,d,e,,p,e,nd,,,,,,
depict,6,d,e,,p,i,ct,,,,,,
deploy,6,d,e,,pl,oy,,,,,,,
deposit,7,d,e,,p,o,s,,i,t,,,
deprive,7,d,e,,pr,i,ve,,,,,,
depth,5,d,e,pth,,,,,,,,,
deputy,6,d,e,p,,u,,t,y,,,,
derive,6,d,e,,r,i,ve,,,,,,
descend,7,d,e,,sc,e,nd,,,,,,
descent,7,d,e,,sc,e,nt,,,,,,
desert,6,d,e,,s,e,rt,,,,,,
deserve,7,d,e,,s,e,rve,,,,,,
design,6,d,e,,s,i,gn,,,,,,
desire,6,d,e,,s,i,re,,,,,,
desk,4,d,e,sk,,,,,,,,,
desktop,7,d,e,sk,t,o,p,,,,,,
despite,7,d,e,,sp,i,te,,,,,,
destroy,7,d,e,,str,oy,,,,,,,
detail,6,d,e,,t,ai,l,,,,,,
detain,6,d,e,,t,ai,n,,,,,,
detect,6,d,e,,t,e,ct,,,,,,
develop,7,d,e,,v,e,l,,o,p,,,
device,6,d,e,,v,i,ce,,,,,,
devil,5,d,e,v,,i,l,,,,,,
devise,6,d,e,,v,i,se,,,,,,
devote,6,d,e,,v,o,te,,,,,,
diagram,7,d,i,,,a,,gr,a,m,,,
diamond,7,d,ia,,m,o,nd,,,,,,
diary,5,d,ia,,r,y,,,,,,,
dictate,7,d,i,c,t,a,te,,,,,,
die,3,d,ie,,,,,,,,,,
diet,4,d,ie,t,,,,,,,,,
differ,6,d,i,f,f,e,r,,,,,,
dig,3,d,i,g,,,,,,,,,
digital,7,d,i,g,,i,t,,a,l,,,
dignity,7,d,i,g,n,i,,t,y,,,,
dilemma,7,d,i,,l,e,m,m,a,,,,
dinner,6,d,i,n,n,e,r,,,,,,
dip,3,d,i,p,,,,,,,,,
direct,6,d,i,,r,e,ct,,,,,,
dirt,4,d,i,rt,,,,,,,,,
dirty,5,d,i,rt,,y,,,,,,,
disc,4,d,i,sc,,,,,,,,,
discard,7,d,i,s,c,a,rd,,,,,,
discuss,7,d,i,s,c,u,ss,,,,,,
disease,7,d,i,s,,ea,se,,,,,,
dish,4,d,i,sh,,,,,,,,,
dislike,7,d,i,s,l,i,ke,,,,,,
dismiss,7,d,i,s,m,i,ss,,,,,,
display,7,d,i,s,pl,ay,,,,,,,
dispose,7,d,i,s,p,o,se,,,,,,
dispute,7,d,i,s,p,u,te,,,,,,
disrupt,7,d,i,s,r,u,pt,,,,,,
distant,7,d,i,s,t,a,nt,,,,,,
distort,7,d,i,s,t,o,rt,,,,,,
disturb,7,d,i,s,t,u,rb,,,,,,
dive,4,d,i,ve,,,,,,,,,
diverse,7,d,i,,v,e,rse,,,,,,
divert,6,d,i,,v,e,rt,,,,,,
divide,6,d,i,,v,i,de,,,,,,
divine,6,d,i,,v,i,ne,,,,,,
divorce,7,d,i,,v,o,rce,,,,,,
do,2,d,o,,,,,,,,,,
doctor,6,d,o,c,t,o,r,,,,,,
dog,3,d,o,g,,,,,,,,,
dollar,6,d,o,l,l,a,r,,,,,,
domain,6,d,o,,m,ai,n,,,,,,
donate,6,d,o,,n,a,te,,,,,,
donor,5,d,o,,n,o,r,,,,,,
door,4,d,oo,r,,,,,,,,,
dose,4,d,o,se,,,,,,,,,
dot,3,d,o,t,,,,,,,,,
double,6,d,ou,,bl,e,,,,,,,
doubt,5,d,ou,bt,,,,,,,,,
down,4,d,ow,n,,,,,,,,,
dozen,5,d,o,z,,e,n,,,,,,
draft,5,dr,a,ft,,,,,,,,,
drag,4,dr,a,g,,,,,,,,,
drain,5,dr,ai,n,,,,,,,,,
drama,5,dr,a,,m,a,,,,,,,
draw,4,dr,aw,,,,,,,,,,
drawing,7,dr,aw,,,i,ng,,,,,,
dream,5,dr,ea,m,,,,,,,,,
dress,5,dr,e,ss,,,,,,,,,
dressed,7,dr,e,ssed,,,,,,,,,
drift,5,dr,i,ft,,,,,,,,,
drink,5,dr,i,nk,,,,,,,,,
drive,5,dr,i,ve,,,,,,,,,
driver,6,dr,i,v,,e,r,,,,,,
driving,7,dr,i,v,,i,ng,,,,,,
drop,4,dr,o,p,,,,,,,,,
drought,7,dr,ou,ght,,,,,,,,,
drown,5,dr,ow,n,,,,,,,,,
drug,4,dr,u,g,,,,,,,,,
drum,4,dr,u,m,,,,,,,,,
drunk,5,dr,u,nk,,,,,,,,,
dry,3,dr,y,,,,,,,,,,
dual,4,d,ua,l,,,,,,,,,
dub,3,d,u,b,,,,,,,,,
due,3,d,ue,,,,,,,,,,
dull,4,d,u,ll,,,,,,,,,
dumb,4,d,u,mb,,,,,,,,,
dump,4,d,u,mp,,,,,,,,,
duo,3,d,uo,,,,,,,,,,
during,6,d,u,r,,i,ng,,,,,,
dust,4,d,u,st,,,,,,,,,
duty,4,d,u,ty,,,,,,,,,
dynamic,7,d,y,,n,a,m,,i,c,,,
each,4,,ea,ch,,,,,,,,,
eager,5,,ea,,g,e,r,,,,,,
ear,3,,ea,r,,,,,,,,,
early,5,,ea,r,l,y,,,,,,,
earn,4,,ea,rn,,,,,,,,,
earth,5,,ea,rth,,,,,,,,,
ease,4,,ea,se,,,,,,,,,
easily,6,,ea,s,,i,,l,y,,,,
east,4,,ea,st,,,,,,,,,
eastern,7,,ea,st,,e,rn,,,,,,
easy,4,,ea,s,,y,,,,,,,
eat,3,,ea,t,,,,,,,,,
echo,4,,e,ch,,o,,,,,,,
economy,7,,e,,c,o,n,,o,,m,y,
edge,4,,e,dge,,,,,,,,,
edit,4,,e,d,,i,t,,,,,,
edition,7,,e,,d,i,,t,io,n,,,
editor,6,,e,d,,i,,t,o,r,,,
educate,7,,e,d,,u,,c,a,te,,,
effect,6,,e,f,f,e,ct,,,,,,
effort,6,,e,f,f,o,rt,,,,,,
egg,3,,e,gg,,,,,,,,,
ego,3,,e,,g,o,,,,,,,
eight,5,,ei,ght,,,,,,,,,
eighty,6,,ei,ght,,y,,,,,,,
either,6,,ei,,th,e,r,,,,,,
elbow,5,,e,l,b,o,w,,,,,,
elderly,7,,e,ld,,e,r,l,y,,,,
elect,5,,e,,l,e,ct,,,,,,
elegant,7,,e,l,,e,,g,a,nt,,,
element,7,,e,l,,e,,m,e,nt,,,
elevate,7,,e,l,,e,,v,a,te,,,
eleven,6,,e,,l,e,v,,e,n,,,
elite,5,,e,,l,i,te,,,,,,
else,4,,e,lse,,,,,,,,,
email,5,,e,,m,ai,l,,,,,,
embark,6,,e,m,b,a,rk,,,,,,
embassy,7,,e,m,b,a,s,s,y,,,,
embed,5,,e,m,b,e,d,,,,,,
embody,6,,e,m,b,o,d,,y,,,,
embrace,7,,e,m,br,a,ce,,,,,,
emerge,6,,e,,m,e,rge,,,,,,
emotion,7,,e,,m,o,,t,io,n,,,
empire,6,,e,m,p,i,re,,,,,,
employ,6,,e,m,pl,oy,,,,,,,
empower,7,,e,m,p,ow,,,e,r,,,
empty,5,,e,mp,t,y,,,,,,,
enable,6,,e,n,,a,,bl,e,,,,
enact,5,,e,n,,a,ct,,,,,,
end,3,,e,nd,,,,,,,,,
ending,6,,e,nd,,i,ng,,,,,,
endless,7,,e,nd,l,e,ss,,,,,,
endorse,7,,e,n,d,o,rse,,,,,,
endure,6,,e,n,d,u,re,,,,,,
enemy,5,,e,n,,e,,m,y,,,,
energy,6,,e,n,,e,r,g,y,,,,
enforce,7,,e,n,f,o,rce,,,,,,
engage,6,,e,n,g,a,ge,,,,,,
engaged,7,,e,n,g,a,ged,,,,,,
engine,6,,e,n,g,i,ne,,,,,,
enhance,7,,e,n,h,a,nce,,,,,,
enjoy,5,,e,n,j,o,y,,,,,,
enough,6,,e,,n,ou,gh,,,,,,
enquire,7,,e,n,q,ui,re,,,,,,
enquiry,7,,e,n,q,ui,r,,y,,,,
enrich,6,,e,n,r,i,ch,,,,,,
enrol,5,,e,n,r,o,l,,,,,,
ensue,5,,e,n,s,ue,,,,,,,
ensure,6,,e,n,s,u,re,,,,,,
enter,5,,e,n,t,e,r,,,,,,
entire,6,,e,n,t,i,re,,,,,,
entitle,7,,e,n,t,i,,tl,e,,,,
entity,6,,e,n,t,i,,t,y,,,,
entry,5,,e,n,tr,y,,,,,,,
episode,7,,e,p,,i,,s,o,de,,,
equal,5,,e,,q,ua,l,,,,,,
equally,7,,e,,q,ua,l,l,y,,,,
equip,5,,e,,q,ui,p,,,,,,
era,3,,e,,r,a,,,,,,,
erect,5,,e,,r,e,ct,,,,,,
error,5,,e,r,r,o,r,,,,,,
erupt,5,,e,,r,u,pt,,,,,,
escape,6,,e,s,c,a,pe,,,,,,
essay,5,,e,s,s,ay,,,,,,,
essence,7,,e,s,s,e,nce,,,,,,
estate,6,,e,s,t,a,te,,,,,,
eternal,7,,e,,t,e,r,n,a,l,,,
ethic,5,,e,th,,i,c,,,,,,
ethical,7,,e,th,,i,,c,a,l,,,
ethnic,6,,e,th,n,i,c,,,,,,
euro,4,,eu,,r,o,,,,,,,
even,4,,e,,v,e,n,,,,,,
evening,7,,e,ve,n,i,ng,,,,,,
event,5,,e,,v,e,nt,,,,,,
ever,4,,e,v,,e,r,,,,,,
every,5,,e,ve,r,y,,,,,,,
evident,7,,e,v,,i,,d,e,nt,,,
evil,4,,e,,v,i,l,,,,,,
evoke,5,,e,,v,o,ke,,,,,,
evolve,6,,e,,v,o,lve,,,,,,
exact,5,,e,x,,a,ct,,,,,,
exactly,7,,e,x,,a,ct,l,y,,,,
exam,4,,e,x,,a,m,,,,,,
examine,7,,e,x,,a,m,,i,ne,,,
example,7,,e,x,,a,m,pl,e,,,,
exceed,6,,e,x,c,ee,d,,,,,,
except,6,,e,x,c,e,pt,,,,,,
excess,6,,e,x,c,e,ss,,,,,,
excited,7,,e,x,c,i,t,,e,d,,,
exclude,7,,e,x,cl,u,de,,,,,,
excuse,6,,e,x,c,u,se,,,,,,
execute,7,,e,x,,e,,c,u,te,,,
exert,5,,e,x,,e,rt,,,,,,
exhibit,7,,e,x,h,i,b,,i,t,,,
exile,5,,e,x,,i,le,,,,,,
exist,5,,e,x,,i,st,,,,,,
exit,4,,e,x,,i,t,,,,,,
exotic,6,,e,x,,o,t,,i,c,,,
expand,6,,e,x,p,a,nd,,,,,,
expect,6,,e,x,p,e,ct,,,,,,
expense,7,,e,x,p,e,nse,,,,,,
expert,6,,e,x,p,e,rt,,,,,,
expire,6,,e,x,p,i,re,,,,,,
explain,7,,e,x,pl,ai,n,,,,,,
explode,7,,e,x,pl,o,de,,,,,,
exploit,7,,e,x,pl,oi,t,,,,,,
explore,7,,e,x,pl,o,re,,,,,,
export,6,,e,x,p,o,rt,,,,,,
expose,6,,e,x,p,o,se,,,,,,
express,7,,e,x,pr,e,ss,,,,,,
extend,6,,e,x,t,e,nd,,,,,,
extent,6,,e,x,t,e,nt,,,,,,
extra,5,,e,x,tr,a,,,,,,,
extract,7,,e,x,tr,a,ct,,,,,,
extreme,7,,e,x,tr,e,me,,,,,,
eye,3,,eye,,,,,,,,,,
fabric,6,f,a,b,r,i,c,,,,,,
face,4,f,a,ce,,,,,,,,,
fact,4,f,a,ct,,,,,,,,,
faction,7,f,a,c,t,io,n,,,,,,
factor,6,f,a,c,t,o,r,,,,,,
factory,7,f,a,c,t,o,,r,y,,,,
faculty,7,f,a,c,,u,l,t,y,,,,
fade,4,f,a,de,,,,,,,,,
fail,4,f,ai,l,,,,,,,,,
failed,6,f,ai,led,,,,,,,,,
failure,7,f,ai,l,,u,re,,,,,,
fair,4,f,ai,r,,,,,,,,,
fairly,6,f,ai,r,l,y,,,,,,,
faith,5,f,ai,th,,,,,,,,,
fake,4,f,a,ke,,,,,,,,,
fall,4,f,a,ll,,,,,,,,,
false,5,f,a,lse,,,,,,,,,
fame,4,f,a,me,,,,,,,,,
family,6,f,a,m,,i,,l,y,,,,
famous,6,f,a,,m,ou,s,,,,,,
fan,3,f,a,n,,,,,,,,,
fancy,5,f,a,n,c,y,,,,,,,
fantasy,7,f,a,n,t,a,,s,y,,,,
far,3,f,a,r,,,,,,,,,
fare,4,f,a,re,,,,,,,,,
farm,4,f,a,rm,,,,,,,,,
farmer,6,f,a,rm,,e,r,,,,,,
farming,7,f,a,rm,,i,ng,,,,,,
fashion,7,f,a,sh,,io,n,,,,,,
fast,4,f,a,st,,,,,,,,,
fasten,6,f,a,s,t,e,n,,,,,,
fat,3,f,a,t,,,,,,,,,
fatal,5,f,a,,t,a,l,,,,,,
fate,4,f,a,te,,,,,,,,,
father,6,f,a,th,,e,r,,,,,,
fault,5,f,au,lt,,,,,,,,,
favour,6,f,a,,v,ou,r,,,,,,
fear,4,f,ea,r,,,,,,,,,
feat,4,f,ea,t,,,,,,,,,
feather,7,f,ea,th,,e,r,,,,,,
feature,7,f,ea,,t,u,re,,,,,,
federal,7,f,e,d,,e,r,,a,l,,,
fee,3,f,ee,,,,,,,,,,
feed,4,f,ee,d,,,,,,,,,
feeding,7,f,ee,d,,i,ng,,,,,,
feel,4,f,ee,l,,,,,,,,,
feeling,7,f,ee,l,,i,ng,,,,,,
fellow,6,f,e,l,l,ow,,,,,,,
female,6,f,e,,m,a,le,,,,,,
fence,5,f,e,nce,,,,,,,,,
fever,5,f,e,,v,e,r,,,,,,
few,3,f,ew,,,,,,,,,,
fibre,5,f,i,bre,,,,,,,,,
fiction,7,f,i,c,t,io,n,,,,,,
field,5,f,ie,ld,,,,,,,,,
fierce,6,f,ie,rce,,,,,,,,,
fifteen,7,f,i,f,t,ee,n,,,,,,
fifth,5,f,i,fth,,,,,,,,,
fifty,5,f,i,f,t,y,,,,,,,
fight,5,f,i,ght,,,,,,,,,
figure,6,f,i,g,,u,re,,,,,,
file,4,f,i,le,,,,,,,,,
fill,4,f,i,ll,,,,,,,,,
film,4,f,i,lm,,,,,,,,,
filter,6,f,i,l,t,e,r,,,,,,
final,5,f,i,,n,a,l,,,,,,
finally,7,f,i,,n,a,l,l,y,,,,
finance,7,f,i,,n,a,nce,,,,,,
find,4,f,i,nd,,,,,,,,,
finding,7,f,i,nd,,i,ng,,,,,,
fine,4,f,i,ne,,,,,,,,,
finger,6,f,i,n,g,e,r,,,,,,
finish,6,f,i,n,,i,sh,,,,,,
fire,4,f,i,re,,,,,,,,,
firearm,7,f,i,re,,a,rm,,,,,,
firm,4,f,i,rm,,,,,,,,,
firmly,6,f,i,rm,l,y,,,,,,,
first,5,f,i,rst,,,,,,,,,
firstly,7,f,i,rst,l,y,,,,,,,
fish,4,f,i,sh,,,,,,,,,
fishing,7,f,i,sh,,i,ng,,,,,,
fit,3,f,i,t,,,,,,,,,
fitness,7,f,i,t,n,e,ss,,,,,,
five,4,f,i,ve,,,,,,,,,
fix,3,f,i,x,,,,,,,,,
fixed,5,f,i,xed,,,,,,,,,
fixture,7,f,i,x,t,u,re,,,,,,
flag,4,fl,a,g,,,,,,,,,
flame,5,fl,a,me,,,,,,,,,
flash,5,fl,a,sh,,,,,,,,,
flat,4,fl,a,t,,,,,,,,,
flavour,7,fl,a,,v,ou,r,,,,,,
flaw,4,fl,aw,,,,,,,,,,
flawed,6,fl,awe,d,,,,,,,,,
flee,4,fl,ee,,,,,,,,,,
fleet,5,fl,ee,t,,,,,,,,,
flesh,5,fl,e,sh,,,,,,,,,
flight,6,fl,i,ght,,,,,,,,,
float,5,fl,oa,t,,,,,,,,,
flood,5,fl,oo,d,,,,,,,,,
floor,5,fl,oo,r,,,,,,,,,
flour,5,fl,ou,r,,,,,,,,,
flow,4,fl,ow,,,,,,,,,,
flower,6,fl,ow,,,e,r,,,,,,
flu,3,fl,u,,,,,,,,,,
fluid,5,fl,ui,d,,,,,,,,,
fly,3,fl,y,,,,,,,,,,
flying,6,fl,y,,,i,ng,,,,,,
focus,5,f,o,,c,u,s,,,,,,
fold,4,f,o,ld,,,,,,,,,
folding,7,f,o,ld,,i,ng,,,,,,
folk,4,f,o,lk,,,,,,,,,
follow,6,f,o,l,l,ow,,,,,,,
fond,4,f,o,nd,,,,,,,,,
food,4,f,oo,d,,,,,,,,,
fool,4,f,oo,l,,,,,,,,,
foot,4,f,oo,t,,,,,,,,,
footage,7,f,oo,t,,a,ge,,,,,,
for,3,f,o,r,,,,,,,,,
forbid,6,f,o,r,b,i,d,,,,,,
force,5,f,o,rce,,,,,,,,,
foreign,7,f,o,r,,ei,gn,,,,,,
forest,6,f,o,r,,e,st,,,,,,
forever,7,f,o,r,,e,v,,e,r,,,
forge,5,f,o,rge,,,,,,,,,
forget,6,f,o,r,g,e,t,,,,,,
forgive,7,f,o,r,g,i,ve,,,,,,
fork,4,f,o,rk,,,,,,,,,
form,4,f,o,rm,,,,,,,,,
formal,6,f,o,r,m,a,l,,,,,,
format,6,f,o,r,m,a,t,,,,,,
former,6,f,o,r,m,e,r,,,,,,
formula,7,f,o,r,m,u,,l,a,,,,
forth,5,f,o,rth,,,,,,,,,
fortune,7,f,o,r,t,u,ne,,,,,,
forty,5,f,o,r,t,y,,,,,,,
forum,5,f,o,,r,u,m,,,,,,
forward,7,f,o,r,,wa,rd,,,,,,
fossil,6,f,o,s,s,i,l,,,,,,
foster,6,f,o,s,t,e,r,,,,,,
found,5,f,ou,nd,,,,,,,,,
founder,7,f,ou,n,d,e,r,,,,,,
four,4,f,ou,r,,,,,,,,,
fourth,6,f,ou,rth,,,,,,,,,
fragile,7,fr,a,g,,i,le,,,,,,
frame,5,fr,a,me,,,,,,,,,
frankly,7,fr,a,nk,l,y,,,,,,,
fraud,5,fr,au,d,,,,,,,,,
free,4,fr,ee,,,,,,,,,,
freedom,7,fr,ee,,d,o,m,,,,,,
freely,6,fr,ee,,l,y,,,,,,,
freeze,6,fr,ee,ze,,,,,,,,,
fresh,5,fr,e,sh,,,,,,,,,
friday,6,fr,i,,d,ay,,,,,,,
fridge,6,fr,i,dge,,,,,,,,,
friend,6,fr,ie,nd,,,,,,,,,
frog,4,fr,o,g,,,,,,,,,
from,4,fr,o,m,,,,,,,,,
front,5,fr,o,nt,,,,,,,,,
frozen,6,fr,o,,z,e,n,,,,,,
fruit,5,fr,ui,t,,,,,,,,,
fry,3,fr,y,,,,,,,,,,
fuel,4,f,ue,l,,,,,,,,,
fulfil,6,f,u,l,f,i,l,,,,,,
full,4,f,u,ll,,,,,,,,,
fully,5,f,u,l,l,y,,,,,,,
fun,3,f,u,n,,,,,,,,,
fund,4,f,u,nd,,,,,,,,,
funding,7,f,u,nd,,i,ng,,,,,,
funeral,7,f,u,,n,e,r,,a,l,,,
funny,5,f,u,n,n,y,,,,,,,
fur,3,f,u,r,,,,,,,,,
furious,7,f,u,,r,i,,,ou,s,,,
further,7,f,u,r,th,e,r,,,,,,
future,6,f,u,,t,u,re,,,,,,
gain,4,g,ai,n,,,,,,,,,
gallery,7,g,a,l,l,e,r,,y,,,,
gallon,6,g,a,l,l,o,n,,,,,,
game,4,g,a,me,,,,,,,,,
gaming,6,g,a,m,,i,ng,,,,,,
gang,4,g,a,ng,,,,,,,,,
gap,3,g,a,p,,,,,,,,,
garage,6,g,a,,r,a,ge,,,,,,
garden,6,g,a,r,d,e,n,,,,,,
gas,3,g,a,s,,,,,,,,,
gate,4,g,a,te,,,,,,,,,
gather,6,g,a,th,,e,r,,,,,,
gay,3,g,ay,,,,,,,,,,
gaze,4,g,a,ze,,,,,,,,,
gear,4,g,ea,r,,,,,,,,,
gender,6,g,e,n,d,e,r,,,,,,
gene,4,g,e,ne,,,,,,,,,
general,7,g,e,n,,e,r,,a,l,,,
generic,7,g,e,,n,e,r,,i,c,,,
genetic,7,g,e,,n,e,t,,i,c,,,
genius,6,g,e,n,,iu,s,,,,,,
genre,5,g,e,n,r,e,,,,,,,
gentle,6,g,e,n,tl,e,,,,,,,
genuine,7,g,e,n,,u,,,i,ne,,,
gesture,7,g,e,s,t,u,re,,,,,,
get,3,g,e,t,,,,,,,,,
ghost,5,gh,o,st,,,,,,,,,
giant,5,g,ia,nt,,,,,,,,,
gift,4,g,i,ft,,,,,,,,,
gig,3,g,i,g,,,,,,,,,
girl,4,g,i,rl,,,,,,,,,
give,4,g,i,ve,,,,,,,,,
glad,4,gl,a,d,,,,,,,,,
glance,6,gl,a,nce,,,,,,,,,
glass,5,gl,a,ss,,,,,,,,,
glimpse,7,gl,i,mpse,,,,,,,,,
global,6,gl,o,b,,a,l,,,,,,
globe,5,gl,o,be,,,,,,,,,
glory,5,gl,o,,r,y,,,,,,,
glove,5,gl,o,ve,,,,,,,,,
go,2,g,o,,,,,,,,,,
goal,4,g,oa,l,,,,,,,,,
god,3,g,o,d,,,,,,,,,
gold,4,g,o,ld,,,,,,,,,
golden,6,g,o,ld,,e,n,,,,,,
golf,4,g,o,lf,,,,,,,,,
good,4,g,oo,d,,,,,,,,,
goodbye,7,g,oo,d,b,ye,,,,,,,
goods,5,g,oo,ds,,,,,,,,,
govern,6,g,o,v,,e,rn,,,,,,
grab,4,gr,a,b,,,,,,,,,
grace,5,gr,a,ce,,,,,,,,,
grade,5,gr,a,de,,,,,,,,,
grain,5,gr,ai,n,,,,,,,,,
grand,5,gr,a,nd,,,,,,,,,
grant,5,gr,a,nt,,,,,,,,,
graphic,7,gr,a,ph,,i,c,,,,,,
grasp,5,gr,a,sp,,,,,,,,,
grass,5,gr,a,ss,,,,,,,,,
grave,5,gr,a,ve,,,,,,,,,
gravity,7,gr,a,v,,i,,t,y,,,,
great,5,gr,ea,t,,,,,,,,,
greatly,7,gr,ea,t,l,y,,,,,,,
green,5,gr,ee,n,,,,,,,,,
greet,5,gr,ee,t,,,,,,,,,
grey,4,gr,ey,,,,,,,,,,
grid,4,gr,i,d,,,,,,,,,
grief,5,gr,ie,f,,,,,,,,,
grin,4,gr,i,n,,,,,,,,,
grind,5,gr,i,nd,,,,,,,,,
grip,4,gr,i,p,,,,,,,,,
grocery,7,gr,o,,c,e,r,,y,,,,
ground,6,gr,ou,nd,,,,,,,,,
group,5,gr,ou,p,,,,,,,,,
grow,4,gr,ow,,,,,,,,,,
growth,6,gr,ow,th,,,,,,,,,
guard,5,g,ua,rd,,,,,,,,,
guess,5,g,ue,ss,,,,,,,,,
guest,5,g,ue,st,,,,,,,,,
guide,5,g,ui,de,,,,,,,,,
guilt,5,g,ui,lt,,,,,,,,,
guilty,6,g,ui,lt,,y,,,,,,,
guitar,6,g,ui,,t,a,r,,,,,,
gun,3,g,u,n,,,,,,,,,
gut,3,g,u,t,,,,,,,,,
guy,3,g,uy,,,,,,,,,,
gym,3,g,y,m,,,,,,,,,
habit,5,h,a,b,,i,t,,,,,,
habitat,7,h,a,b,,i,,t,a,t,,,
hail,4,,hai,l,,,,,,,,,
hair,4,h,ai,r,,,,,,,,,
half,4,h,a,lf,,,,,,,,,
halfway,7,h,a,lf,,way,,,,,,,
hall,4,h,a,ll,,,,,,,,,
halt,4,,ha,lt,,,,,,,,,
hand,4,h,a,nd,,,,,,,,,
handful,7,h,a,nd,f,u,l,,,,,,
handle,6,h,a,n,dl,e,,,,,,,
handy,5,h,a,nd,,y,,,,,,,
hang,4,,ha,ng,,,,,,,,,
happen,6,h,a,p,p,e,n,,,,,,
happily,7,h,a,p,p,i,,l,y,,,,
happy,5,h,a,p,p,y,,,,,,,
harbour,7,h,a,r,b,ou,r,,,,,,
hard,4,h,a,rd,,,,,,,,,
hardly,6,h,a,rd,l,y,,,,,,,
harm,4,,ha,rm,,,,,,,,,
harmful,7,h,a,rm,f,u,l,,,,,,
harmony,7,h,a,r,m,o,,n,y,,,,
harsh,5,h,a,rsh,,,,,,,,,
harvest,7,h,a,r,v,e,st,,,,,,
hat,3,h,a,t,,,,,,,,,
hate,4,h,a,te,,,,,,,,,
hatred,6,h,a,,tr,e,d,,,,,,
haunt,5,h,au,nt,,,,,,,,,
have,4,h,a,ve,,,,,,,,,
hazard,6,h,a,z,,a,rd,,,,,,
he,2,h,e,,,,,,,,,,
head,4,h,ea,d,,,,,,,,,
heal,4,h,ea,l,,,,,,,,,
health,6,h,ea,lth,,,,,,,,,
healthy,7,h,ea,lth,,y,,,,,,,
hear,4,h,ea,r,,,,,,,,,
hearing,7,h,ea,r,,i,ng,,,,,,
heart,5,h,ea,rt,,,,,,,,,
heat,4,h,ea,t,,,,,,,,,
heating,7,h,ea,t,,i,ng,,,,,,
heaven,6,h,ea,v,,e,n,,,,,,
heavily,7,h,ea,v,,i,,l,y,,,,
heavy,5,h,ea,v,,y,,,,,,,
heel,4,h,ee,l,,,,,,,,,
height,6,h,ei,ght,,,,,,,,,
hell,4,h,e,ll,,,,,,,,,
hello,5,h,e,l,l,o,,,,,,,
helmet,6,h,e,l,m,e,t,,,,,,
help,4,h,e,lp,,,,,,,,,
helpful,7,h,e,lp,f,u,l,,,,,,
hence,5,h,e,nce,,,,,,,,,
her,3,h,e,r,,,,,,,,,
herb,4,h,e,rb,,,,,,,,,
here,4,h,e,re,,,,,,,,,
hero,4,h,e,,r,o,,,,,,,
hers,4,h,e,rs,,,,,,,,,
herself,7,h,e,r,s,e,lf,,,,,,
hey,3,h,ey,,,,,,,,,,
hi,2,h,i,,,,,,,,,,
hidden,6,h,i,d,d,e,n,,,,,,
hide,4,h,i,de,,,,,,,,,
high,4,h,i,gh,,,,,,,,,
highly,6,h,i,gh,l,y,,,,,,,
highway,7,h,i,gh,,way,,,,,,,
hill,4,h,i,ll,,,,,,,,,
him,3,h,i,m,,,,,,,,,
himself,7,h,i,m,s,e,lf,,,,,,
hint,4,,hi,nt,,,,,,,,,
hip,3,h,i,p,,,,,,,,,
hire,4,,hi,re,,,,,,,,,
his,3,h,i,s,,,,,,,,,
history,7,h,i,s,t,o,,r,y,,,,
hit,3,h,i,t,,,,,,,,,
hobby,5,h,o,b,b,y,,,,,,,
hockey,6,h,o,ck,,ey,,,,,,,
hold,4,h,o,ld,,,,,,,,,
hole,4,h,o,le,,,,,,,,,
holiday,7,h,o,l,,i,,d,ay,,,,
hollow,6,h,o,l,l,ow,,,,,,,
holy,4,h,o,,l,y,,,,,,,
home,4,h,o,me,,,,,,,,,
honest,6,h,o,n,,e,st,,,,,,
honesty,7,h,o,n,,e,s,t,y,,,,
honour,6,h,o,n,,ou,r,,,,,,
hook,4,h,oo,k,,,,,,,,,
hope,4,h,o,pe,,,,,,,,,
hopeful,7,h,o,pe,f,u,l,,,,,,
horizon,7,h,o,,r,i,,z,o,n,,,
horn,4,,ho,rn,,,,,,,,,
horror,6,h,o,r,r,o,r,,,,,,
horse,5,h,o,rse,,,,,,,,,
host,4,,ho,st,,,,,,,,,
hostage,7,h,o,s,t,a,ge,,,,,,
hostile,7,h,o,s,t,i,le,,,,,,
hot,3,h,o,t,,,,,,,,,
hotel,5,h,o,,t,e,l,,,,,,
hour,4,h,ou,r,,,,,,,,,
house,5,h,ou,se,,,,,,,,,
housing,7,h,ou,s,,i,ng,,,,,,
how,3,h,ow,,,,,,,,,,
however,7,h,ow,,,e,v,,e,r,,,
huge,4,h,u,ge,,,,,,,,,
human,5,h,u,,m,a,n,,,,,,
humble,6,h,u,m,bl,e,,,,,,,
humour,6,h,u,,m,ou,r,,,,,,
hundred,7,h,u,n,dr,e,d,,,,,,
hunger,6,h,u,n,g,e,r,,,,,,
hungry,6,h,u,n,gr,y,,,,,,,
hunt,4,,hu,nt,,,,,,,,,
hunting,7,h,u,nt,,i,ng,,,,,,
hurry,5,h,u,r,r,y,,,,,,,
hurt,4,h,u,rt,,,,,,,,,
husband,7,h,u,s,b,a,nd,,,,,,
i,1,,I,,,,,,,,,,
ice,3,,i,ce,,,,,,,,,
icon,4,,i,,c,o,n,,,,,,
idea,4,,i,,d,e,,,a,,,,
ideal,5,,i,,d,e,,,a,l,,,
idiot,5,,i,d,,i,,,o,t,,,
if,2,,i,f,,,,,,,,,
ignore,6,,i,g,n,o,re,,,,,,
ill,3,,i,ll,,,,,,,,,
illegal,7,,i,l,l,e,,g,a,l,,,
illness,7,,i,ll,n,e,ss,,,,,,
image,5,,i,m,,a,ge,,,,,,
imagery,7,,i,m,,a,ge,r,y,,,,
imagine,7,,i,m,,a,g,,i,ne,,,
immense,7,,i,m,m,e,nse,,,,,,
immune,6,,i,m,m,u,ne,,,,,,
impact,6,,i,m,p,a,ct,,,,,,
imply,5,,i,m,pl,y,,,,,,,
import,6,,i,m,p,o,rt,,,,,,
impose,6,,i,m,p,o,se,,,,,,
impress,7,,i,m,pr,e,ss,,,,,,
improve,7,,i,m,pr,o,ve,,,,,,
in,2,,i,n,,,,,,,,,
inch,4,,i,nch,,,,,,,,,
include,7,,i,n,cl,u,de,,,,,,
income,6,,i,n,c,o,me,,,,,,
incur,5,,i,n,c,u,r,,,,,,
indeed,6,,i,n,d,ee,d,,,,,,
index,5,,i,n,d,e,x,,,,,,
indoor,6,,i,n,d,oo,r,,,,,,
indoors,7,,i,n,d,oo,rs,,,,,,
induce,6,,i,n,d,u,ce,,,,,,
indulge,7,,i,n,d,u,lge,,,,,,
infant,6,,i,n,f,a,nt,,,,,,
infect,6,,i,n,f,e,ct,,,,,,
infer,5,,i,n,f,e,r,,,,,,
inflict,7,,i,n,fl,i,ct,,,,,,
info,4,,i,n,f,o,,,,,,,
inform,6,,i,n,f,o,rm,,,,,,
inherit,7,,i,n,h,e,r,,i,t,,,
inhibit,7,,i,n,h,i,b,,i,t,,,
initial,7,,i,n,,i,,t,ia,l,,,
inject,6,,i,n,j,e,ct,,,,,,
injure,6,,i,n,j,u,re,,,,,,
injured,7,,i,n,j,u,red,,,,,,
injury,6,,i,n,j,u,,r,y,,,,
ink,3,,i,nk,,,,,,,,,
inmate,6,,i,n,m,a,te,,,,,,
inner,5,,i,n,n,e,r,,,,,,
input,5,,i,n,p,u,t,,,,,,
insect,6,,i,n,s,e,ct,,,,,,
insert,6,,i,n,s,e,rt,,,,,,
inside,6,,i,n,s,i,de,,,,,,
insider,7,,i,n,s,i,d,,e,r,,,
insight,7,,i,n,s,i,ght,,,,,,
insist,6,,i,n,s,i,st,,,,,,
inspect,7,,i,n,sp,e,ct,,,,,,
inspire,7,,i,n,sp,i,re,,,,,,
install,7,,i,n,st,a,ll,,,,,,
instant,7,,i,n,st,a,nt,,,,,,
instead,7,,i,n,st,ea,d,,,,,,
insult,6,,i,n,s,u,lt,,,,,,
intact,6,,i,n,t,a,ct,,,,,,
intake,6,,i,n,t,a,ke,,,,,,
intend,6,,i,n,t,e,nd,,,,,,
intense,7,,i,n,t,e,nse,,,,,,
intent,6,,i,n,t,e,nt,,,,,,
interim,7,,i,n,t,e,r,,i,m,,,
into,4,,i,n,t,o,,,,,,,
invade,6,,i,n,v,a,de,,,,,,
invent,6,,i,n,v,e,nt,,,,,,
invest,6,,i,n,v,e,st,,,,,,
invite,6,,i,n,v,i,te,,,,,,
invoke,6,,i,n,v,o,ke,,,,,,
involve,7,,i,n,v,o,lve,,,,,,
iron,4,,i,,r,o,n,,,,,,
ironic,6,,i,,r,o,n,,i,c,,,
irony,5,,i,,r,o,,n,y,,,,
island,6,,i,s,l,a,nd,,,,,,
isolate,7,,i,,s,o,,l,a,te,,,
issue,5,,i,s,s,ue,,,,,,,
it,2,,i,t,,,,,,,,,
item,4,,i,,t,e,m,,,,,,
its,3,,i,ts,,,,,,,,,
itself,6,,i,t,s,e,lf,,,,,,
jacket,6,j,a,ck,,e,t,,,,,,
jail,4,j,ai,l,,,,,,,,,
jam,3,j,a,m,,,,,,,,,
january,7,j,a,n,,u,,,a,r,,y,
jazz,4,j,a,zz,,,,,,,,,
jeans,5,j,ea,ns,,,,,,,,,
jet,3,j,e,t,,,,,,,,,
job,3,j,o,b,,,,,,,,,
join,4,j,oi,n,,,,,,,,,
joint,5,j,oi,nt,,,,,,,,,
joke,4,j,o,ke,,,,,,,,,
journal,7,j,ou,r,n,a,l,,,,,,
journey,7,j,ou,r,n,ey,,,,,,,
joy,3,j,oy,,,,,,,,,,
judge,5,j,u,dge,,,,,,,,,
juice,5,j,ui,ce,,,,,,,,,
july,4,J,u,,l,y,,,,,,,
jump,4,j,u,mp,,,,,,,,,
june,4,J,u,ne,,,,,,,,,
junior,6,j,u,n,,io,r,,,,,,
jury,4,j,u,,r,y,,,,,,,
just,4,j,u,st,,,,,,,,,
justice,7,j,u,s,t,i,ce,,,,,,
justify,7,j,u,s,t,i,,f,y,,,,
keen,4,k,ee,n,,,,,,,,,
keep,4,k,ee,p,,,,,,,,,
key,3,k,ey,,,,,,,,,,
kick,4,k,i,ck,,,,,,,,,
kid,3,k,i,d,,,,,,,,,
kidnap,6,k,i,d,n,a,p,,,,,,
kidney,6,k,i,d,n,ey,,,,,,,
kill,4,k,i,ll,,,,,,,,,
killing,7,k,i,ll,,i,ng,,,,,,
kind,4,k,i,nd,,,,,,,,,
king,4,k,i,ng,,,,,,,,,
kingdom,7,k,i,ng,d,o,m,,,,,,
kiss,4,k,i,ss,,,,,,,,,
kit,3,k,i,t,,,,,,,,,
kitchen,7,k,i,tch,,e,n,,,,,,
knee,4,kn,ee,,,,,,,,,,
knife,5,kn,i,fe,,,,,,,,,
knock,5,kn,o,ck,,,,,,,,,
know,4,kn,ow,,,,,,,,,,
lab,3,l,a,b,,,,,,,,,
label,5,l,a,,b,e,l,,,,,,
labour,6,l,a,,b,ou,r,,,,,,
lack,4,l,a,ck,,,,,,,,,
lad,3,l,a,d,,,,,,,,,
ladder,6,l,a,d,d,e,r,,,,,,
lady,4,l,a,dy,,,,,,,,,
lake,4,l,a,ke,,,,,,,,,
lamp,4,l,a,mp,,,,,,,,,
land,4,l,a,nd,,,,,,,,,
landing,7,l,a,nd,,i,ng,,,,,,
lane,4,l,a,ne,,,,,,,,,
lap,3,l,a,p,,,,,,,,,
laptop,6,l,a,p,t,o,p,,,,,,
large,5,l,a,rge,,,,,,,,,
largely,7,l,a,rge,l,y,,,,,,,
laser,5,l,a,,s,e,r,,,,,,
last,4,l,a,st,,,,,,,,,
late,4,l,a,te,,,,,,,,,
lately,6,l,a,te,l,y,,,,,,,
later,5,l,a,t,,e,r,,,,,,
latest,6,l,a,t,,e,st,,,,,,
latter,6,l,a,t,t,e,r,,,,,,
laugh,5,l,au,gh,,,,,,,,,
launch,6,l,au,nch,,,,,,,,,
law,3,l,aw,,,,,,,,,,
lawn,4,l,aw,n,,,,,,,,,
lawsuit,7,l,aw,,s,ui,t,,,,,,
lawyer,6,l,a,w,,ye,r,,,,,,
lay,3,l,ay,,,,,,,,,,
layer,5,l,ay,,,e,r,,,,,,
layout,6,l,ay,,,ou,t,,,,,,
lazy,4,l,a,,z,y,,,,,,,
lead,4,l,ea,d,,,,,,,,,
leader,6,l,ea,d,,e,r,,,,,,
leading,7,l,ea,d,,i,ng,,,,,,
leaf,4,l,ea,f,,,,,,,,,
leaflet,7,l,ea,f,l,e,t,,,,,,
league,6,l,ea,gue,,,,,,,,,
leak,4,l,ea,k,,,,,,,,,
lean,4,l,ea,n,,,,,,,,,
leap,4,l,ea,p,,,,,,,,,
learn,5,l,ea,rn,,,,,,,,,
least,5,l,ea,st,,,,,,,,,
leather,7,l,ea,th,,e,r,,,,,,
leave,5,l,ea,ve,,,,,,,,,
lecture,7,l,e,c,t,u,re,,,,,,
left,4,l,e,ft,,,,,,,,,
leg,3,l,e,g,,,,,,,,,
legacy,6,l,e,g,,a,,c,y,,,,
legal,5,l,e,,g,a,l,,,,,,
legend,6,l,e,g,,e,nd,,,,,,
leisure,7,l,ei,,s,u,re,,,,,,
lemon,5,l,e,m,,o,n,,,,,,
lend,4,l,e,nd,,,,,,,,,
length,6,l,e,ngth,,,,,,,,,
lengthy,7,l,e,ngth,,y,,,,,,,
lens,4,l,e,ns,,,,,,,,,
lesbian,7,l,e,s,b,i,,,a,n,,,
less,4,l,e,ss,,,,,,,,,
lesser,6,l,e,ss,,e,r,,,,,,
lesson,6,l,e,s,s,o,n,,,,,,
let,3,l,e,t,,,,,,,,,
lethal,6,l,e,,th,a,l,,,,,,
letter,6,l,e,t,t,e,r,,,,,,
level,5,l,e,v,,e,l,,,,,,
liable,6,l,i,,,a,,bl,e,,,,
liberal,7,l,i,b,,e,r,,a,l,,,
liberty,7,l,i,b,,e,r,t,y,,,,
library,7,l,i,,br,a,r,,y,,,,
licence,7,l,i,,c,e,nce,,,,,,
license,7,l,i,,c,e,nse,,,,,,
lie,3,l,ie,,,,,,,,,,
life,4,l,i,fe,,,,,,,,,
lift,4,l,i,ft,,,,,,,,,
light,5,l,i,ght,,,,,,,,,
like,4,l,i,ke,,,,,,,,,
likely,6,l,i,ke,l,y,,,,,,,
limb,4,l,i,mb,,,,,,,,,
limit,5,l,i,m,,i,t,,,,,,
limited,7,l,i,m,,i,t,,e,d,,,
line,4,l,i,ne,,,,,,,,,
linear,6,l,i,n,,e,,,a,r,,,
linger,6,l,i,n,g,e,r,,,,,,
link,4,l,i,nk,,,,,,,,,
lion,4,l,io,n,,,,,,,,,
lip,3,l,i,p,,,,,,,,,
liquid,6,l,i,q,,ui,d,,,,,,
list,4,l,i,st,,,,,,,,,
listen,6,l,i,s,t,e,n,,,,,,
listing,7,l,i,st,,i,ng,,,,,,
litre,5,l,i,tre,,,,,,,,,
litter,6,l,i,t,t,e,r,,,,,,
little,6,l,i,t,tl,e,,,,,,,
live,4,l,i,ve,,,,,,,,,
lively,6,l,i,ve,l,y,,,,,,,
liver,5,l,i,v,,e,r,,,,,,
living,6,l,i,v,,i,ng,,,,,,
load,4,l,oa,d,,,,,,,,,
loan,4,l,oa,n,,,,,,,,,
lobby,5,l,o,b,b,y,,,,,,,
local,5,l,o,,c,a,l,,,,,,
locate,6,l,o,,c,a,te,,,,,,
located,7,l,o,,c,a,t,,e,d,,,
lock,4,l,o,ck,,,,,,,,,
log,3,l,o,g,,,,,,,,,
logic,5,l,o,,g,i,c,,,,,,
logical,7,l,o,g,,i,,c,a,l,,,
logo,4,l,o,,g,o,,,,,,,
lonely,6,l,o,ne,l,y,,,,,,,
long,4,l,o,ng,,,,,,,,,
look,4,l,oo,k,,,,,,,,,
loom,4,l,oo,m,,,,,,,,,
loop,4,l,oo,p,,,,,,,,,
loose,5,l,oo,se,,,,,,,,,
lord,4,l,o,rd,,,,,,,,,
lorry,5,l,o,r,r,y,,,,,,,
lose,4,l,o,se,,,,,,,,,
loss,4,l,o,ss,,,,,,,,,
lost,4,l,o,st,,,,,,,,,
lot,3,l,o,t,,,,,,,,,
lottery,7,l,o,t,t,e,r,,y,,,,
loud,4,l,ou,d,,,,,,,,,
loudly,6,l,ou,d,l,y,,,,,,,
love,4,l,o,ve,,,,,,,,,
lovely,6,l,o,ve,l,y,,,,,,,
low,3,l,ow,,,,,,,,,,
lower,5,l,ow,,,e,r,,,,,,
loyal,5,l,oy,,,a,l,,,,,,
loyalty,7,l,oy,,,a,l,t,y,,,,
luck,4,l,u,ck,,,,,,,,,
lucky,5,l,u,ck,,y,,,,,,,
lunch,5,l,u,nch,,,,,,,,,
lung,4,l,u,ng,,,,,,,,,
luxury,6,l,u,x,,u,,r,y,,,,
lyric,5,l,y,,r,i,c,,,,,,
machine,7,m,a,,ch,i,ne,,,,,,
mad,3,m,a,d,,,,,,,,,
magic,5,m,a,g,,i,c,,,,,,
magical,7,m,a,g,,i,,c,a,l,,,
mail,4,m,ai,l,,,,,,,,,
main,4,m,ai,n,,,,,,,,,
mainly,6,m,ai,n,l,y,,,,,,,
major,5,m,a,,j,o,r,,,,,,
make,4,m,a,ke,,,,,,,,,
making,6,m,a,k,,i,ng,,,,,,
male,4,m,a,le,,,,,,,,,
mall,4,m,a,ll,,,,,,,,,
man,3,m,a,n,,,,,,,,,
manage,6,m,a,n,,a,ge,,,,,,
manager,7,m,a,n,,a,g,,e,r,,,
mandate,7,m,a,n,d,a,te,,,,,,
manner,6,m,a,n,n,e,r,,,,,,
many,4,m,a,n,,y,,,,,,,
map,3,m,a,p,,,,,,,,,
march,5,M,a,rch,,,,,,,,,
margin,6,m,a,r,g,i,n,,,,,,
marine,6,m,a,,r,i,ne,,,,,,
mark,4,m,a,rk,,,,,,,,,
marker,6,m,a,rk,,e,r,,,,,,
market,6,m,a,r,k,e,t,,,,,,
married,7,m,a,r,r,ie,d,,,,,,
marry,5,m,a,r,r,y,,,,,,,
martial,7,m,a,r,t,ia,l,,,,,,
mask,4,m,a,sk,,,,,,,,,
mass,4,m,a,ss,,,,,,,,,
massive,7,m,a,s,s,i,ve,,,,,,
master,6,m,a,s,t,e,r,,,,,,
match,5,m,a,tch,,,,,,,,,
mate,4,m,a,te,,,,,,,,,
maths,5,m,a,ths,,,,,,,,,
matter,6,m,a,t,t,e,r,,,,,,
mature,6,m,a,,t,u,re,,,,,,
maximum,7,m,a,x,,i,,m,u,m,,,
may,3,m,ay,,,,,,,,,,
maybe,5,m,ay,,b,e,,,,,,,
mayor,5,m,ay,,,o,r,,,,,,
me,2,m,e,,,,,,,,,,
meal,4,m,ea,l,,,,,,,,,
mean,4,m,ea,n,,,,,,,,,
meaning,7,m,ea,n,,i,ng,,,,,,
means,5,m,ea,ns,,,,,,,,,
measure,7,m,ea,s,,u,re,,,,,,
meat,4,m,ea,t,,,,,,,,,
medal,5,m,e,,d,a,l,,,,,,
media,5,m,e,,d,i,,,a,,,,
medical,7,m,e,d,,i,,c,a,l,,,
medium,6,m,e,,d,i,,,u,m,,,
meet,4,m,ee,t,,,,,,,,,
meeting,7,m,ee,t,,i,ng,,,,,,
melody,6,m,e,l,,o,,d,y,,,,
melt,4,m,e,lt,,,,,,,,,
member,6,m,e,m,b,e,r,,,,,,
memo,4,m,e,m,,o,,,,,,,
memoir,6,m,e,m,,oi,r,,,,,,
memory,6,m,e,m,,o,,r,y,,,,
mental,6,m,e,n,t,a,l,,,,,,
mention,7,m,e,n,t,io,n,,,,,,
mentor,6,m,e,n,t,o,r,,,,,,
menu,4,m,e,n,,u,,,,,,,
mercy,5,m,e,r,c,y,,,,,,,
mere,4,m,e,re,,,,,,,,,
merely,6,m,e,re,l,y,,,,,,,
merge,5,m,e,rge,,,,,,,,,
merger,6,m,e,rg,,e,r,,,,,,
merit,5,m,e,r,,i,t,,,,,,
mess,4,m,e,ss,,,,,,,,,
message,7,m,e,s,s,a,ge,,,,,,
metal,5,m,e,t,,a,l,,,,,,
method,6,m,e,th,,o,d,,,,,,
metre,5,m,e,,tr,e,,,,,,,
middle,6,m,i,d,dl,e,,,,,,,
midst,5,m,i,dst,,,,,,,,,
might,5,m,i,ght,,,,,,,,,
mild,4,m,i,ld,,,,,,,,,
mile,4,m,i,le,,,,,,,,,
militia,7,m,i,,l,i,,t,ia,,,,
milk,4,m,i,lk,,,,,,,,,
mill,4,m,i,ll,,,,,,,,,
million,7,m,i,l,l,io,n,,,,,,
mind,4,m,i,nd,,,,,,,,,
mine,4,m,i,ne,,,,,,,,,
miner,5,m,i,n,,e,r,,,,,,
mineral,7,m,i,n,,e,r,,a,l,,,
minimal,7,m,i,n,,i,,m,a,l,,,
minimum,7,m,i,n,,i,,m,u,m,,,
mining,6,m,i,n,,i,ng,,,,,,
minor,5,m,i,n,,o,r,,,,,,
minute,6,m,i,n,,u,te,,,,,,
miracle,7,m,i,r,,a,,cl,e,,,,
mirror,6,m,i,r,r,o,r,,,,,,
misery,6,m,i,s,,e,r,,y,,,,
miss,4,m,i,ss,,,,,,,,,
missile,7,m,i,s,s,i,le,,,,,,
missing,7,m,i,ss,,i,ng,,,,,,
mission,7,m,i,s,s,io,n,,,,,,
mistake,7,m,i,s,t,a,ke,,,,,,
mix,3,m,i,x,,,,,,,,,
mixed,5,m,i,xed,,,,,,,,,
mixture,7,m,i,x,t,u,re,,,,,,
mob,3,m,o,b,,,,,,,,,
mobile,6,m,o,,b,i,le,,,,,,
mode,4,m,o,de,,,,,,,,,
model,5,m,o,d,,e,l,,,,,,
modern,6,m,o,d,,e,rn,,,,,,
modest,6,m,o,d,,e,st,,,,,,
modify,6,m,o,d,,i,,f,y,,,,
moment,6,m,o,,m,e,nt,,,,,,
monday,6,m,o,n,d,ay,,,,,,,
money,5,m,o,,n,e,y,,,,,,
monitor,7,m,o,n,,i,,t,o,r,,,
monk,4,m,o,nk,,,,,,,,,
monkey,6,m,o,n,k,e,y,,,,,,
monster,7,m,o,n,st,e,r,,,,,,
month,5,m,o,nth,,,,,,,,,
monthly,7,m,o,nth,l,y,,,,,,,
mood,4,m,oo,d,,,,,,,,,
moon,4,m,oo,n,,,,,,,,,
moral,5,m,o,r,,a,l,,,,,,
more,4,m,o,re,,,,,,,,,
morning,7,m,o,rn,,i,ng,,,,,,
mosque,6,m,o,sque,,,,,,,,,
most,4,m,o,st,,,,,,,,,
mostly,6,m,o,st,l,y,,,,,,,
mother,6,m,o,th,,e,r,,,,,,
motion,6,m,o,,t,io,n,,,,,,
motive,6,m,o,,t,i,ve,,,,,,
motor,5,m,o,,t,o,r,,,,,,
mount,5,m,ou,nt,,,,,,,,,
mouse,5,m,ou,se,,,,,,,,,
mouth,5,m,ou,th,,,,,,,,,
move,4,m,o,ve,,,,,,,,,
movie,5,m,o,v,,ie,,,,,,,
moving,6,m,o,v,,i,ng,,,,,,
much,4,m,u,ch,,,,,,,,,
mud,3,m,u,d,,,,,,,,,
mum,3,m,u,m,,,,,,,,,
murder,6,m,u,r,d,e,r,,,,,,
muscle,6,m,u,s,cl,e,,,,,,,
museum,6,m,u,,s,e,,,u,m,,,
music,5,m,u,,s,i,c,,,,,,
musical,7,m,u,,s,i,,c,a,l,,,
must,4,m,u,st,,,,,,,,,
mutual,6,m,u,,t,u,,,a,l,,,
my,2,m,y,,,,,,,,,,
myself,6,m,y,,s,e,lf,,,,,,
mystery,7,m,y,s,t,e,r,,y,,,,
myth,4,m,y,th,,,,,,,,,
nail,4,n,ai,l,,,,,,,,,
naked,5,n,a,,k,e,d,,,,,,
name,4,n,a,me,,,,,,,,,
namely,6,n,a,me,l,y,,,,,,,
narrow,6,n,a,r,r,ow,,,,,,,
nasty,5,n,a,s,t,y,,,,,,,
nation,6,n,a,,t,io,n,,,,,,
native,6,n,a,,t,i,ve,,,,,,
natural,7,n,a,t,,u,,r,a,l,,,
nature,6,n,a,,t,u,re,,,,,,
naval,5,n,a,,v,a,l,,,,,,
near,4,n,ea,r,,,,,,,,,
nearby,6,n,ea,r,b,y,,,,,,,
nearly,6,n,ea,r,l,y,,,,,,,
neat,4,n,ea,t,,,,,,,,,
neck,4,n,e,ck,,,,,,,,,
need,4,n,ee,d,,,,,,,,,
needle,6,n,ee,,dl,e,,,,,,,
neglect,7,n,e,,gl,e,ct,,,,,,
neither,7,n,ei,,th,e,r,,,,,,
nerve,5,n,e,rve,,,,,,,,,
nervous,7,n,e,rv,,ou,s,,,,,,
nest,4,n,e,st,,,,,,,,,
net,3,n,e,t,,,,,,,,,
network,7,n,e,t,,wo,rk,,,,,,
neutral,7,n,eu,,tr,a,l,,,,,,
never,5,n,e,v,,e,r,,,,,,
new,3,n,ew,,,,,,,,,,
newly,5,n,ew,,l,y,,,,,,,
news,4,n,ew,s,,,,,,,,,
next,4,n,e,xt,,,,,,,,,
nice,4,n,i,ce,,,,,,,,,
niche,5,n,i,che,,,,,,,,,
night,5,n,i,ght,,,,,,,,,
nine,4,n,i,ne,,,,,,,,,
ninety,6,n,i,ne,t,y,,,,,,,
no,2,n,o,,,,,,,,,,
noble,5,n,o,ble,,,,,,,,,
nobody,6,n,o,,b,o,d,,y,,,,
nod,3,n,o,d,,,,,,,,,
noise,5,n,oi,se,,,,,,,,,
noisy,5,n,oi,s,,y,,,,,,,
nominee,7,n,o,m,,i,,n,ee,,,,
none,4,n,o,ne,,,,,,,,,
noon,4,n,oo,n,,,,,,,,,
nor,3,n,o,r,,,,,,,,,
norm,4,n,o,rm,,,,,,,,,
normal,6,n,o,r,m,a,l,,,,,,
north,5,n,o,rth,,,,,,,,,
nose,4,n,o,se,,,,,,,,,
not,3,n,o,t,,,,,,,,,
notable,7,n,o,,t,a,,bl,e,,,,
notably,7,n,o,,t,a,,bl,y,,,,
note,4,n,o,te,,,,,,,,,
nothing,7,n,o,th,,i,ng,,,,,,
notice,6,n,o,,t,i,ce,,,,,,
notify,6,n,o,,t,i,,f,y,,,,
notion,6,n,o,,t,io,n,,,,,,
novel,5,n,o,v,,e,l,,,,,,
now,3,n,ow,,,,,,,,,,
nowhere,7,n,o,,wh,e,re,,,,,,
nuclear,7,n,u,,cl,ea,r,,,,,,
number,6,n,u,m,b,e,r,,,,,,
nurse,5,n,u,rse,,,,,,,,,
nursery,7,n,u,rs,,e,r,,y,,,,
nursing,7,n,u,rs,,i,ng,,,,,,
nut,3,n,u,t,,,,,,,,,
obesity,7,,o,,b,e,,s,i,,t,y,
obey,4,,o,,b,e,y,,,,,,
object,6,,o,b,j,e,ct,,,,,,
oblige,6,,o,,bl,i,ge,,,,,,
observe,7,,o,b,s,e,rve,,,,,,
obsess,6,,o,b,s,e,ss,,,,,,
obtain,6,,o,b,t,ai,n,,,,,,
obvious,7,,o,b,v,i,,,ou,s,,,
occupy,6,,o,c,c,u,,p,y,,,,
occur,5,,o,c,c,u,r,,,,,,
ocean,5,,o,,c,ea,n,,,,,,
october,7,,o,c,t,o,,b,e,r,,,
odd,3,,o,dd,,,,,,,,,
odds,4,,o,dds,,,,,,,,,
of,2,,o,f,,,,,,,,,
off,3,,o,ff,,,,,,,,,
offence,7,,o,f,f,e,nce,,,,,,
offend,6,,o,f,f,e,nd,,,,,,
offer,5,,o,f,f,e,r,,,,,,
office,6,,o,f,f,i,ce,,,,,,
officer,7,,o,f,f,i,,c,e,r,,,
often,5,,o,f,t,e,n,,,,,,
oh,2,,o,h,,,,,,,,,
oil,3,,oi,l,,,,,,,,,
old,3,,o,ld,,,,,,,,,
on,2,,o,n,,,,,,,,,
once,4,,o,nce,,,,,,,,,
one,3,,o,ne,,,,,,,,,
ongoing,7,,o,n,g,o,,,i,ng,,,
onion,5,,o,n,,io,n,,,,,,
online,6,,o,n,l,i,ne,,,,,,
only,4,,o,n,l,y,,,,,,,
onto,4,,o,n,t,o,,,,,,,
open,4,,o,,p,e,n,,,,,,
opening,7,,o,,p,e,n,,i,ng,,,
openly,6,,o,,p,e,n,l,y,,,,
opera,5,,o,p,,e,r,,a,,,,
operate,7,,o,p,,e,r,,a,te,,,
opinion,7,,o,,p,i,n,,io,n,,,
oppose,6,,o,p,p,o,se,,,,,,
opposed,7,,o,p,p,o,sed,,,,,,
opt,3,,o,pt,,,,,,,,,
optical,7,,o,p,t,i,,c,a,l,,,
option,6,,o,p,t,io,n,,,,,,
or,2,,o,r,,,,,,,,,
oral,4,,o,,r,a,l,,,,,,
orange,6,,o,r,,a,nge,,,,,,
order,5,,o,r,d,e,r,,,,,,
organ,5,,o,r,g,a,n,,,,,,
organic,7,,o,r,g,a,n,,i,c,,,
origin,6,,o,r,,i,,g,i,n,,,
other,5,,o,th,,e,r,,,,,,
ought,5,,ou,ght,,,,,,,,,
our,3,,ou,r,,,,,,,,,
ours,4,,ou,rs,,,,,,,,,
out,3,,ou,t,,,,,,,,,
outcome,7,,ou,t,c,o,me,,,,,,
outdoor,7,,ou,t,d,oo,r,,,,,,
outer,5,,ou,t,,e,r,,,,,,
outfit,6,,ou,t,f,i,t,,,,,,
outing,6,,ou,t,,i,ng,,,,,,
outlet,6,,ou,t,l,e,t,,,,,,
outline,7,,ou,t,l,i,ne,,,,,,
outlook,7,,ou,t,l,oo,k,,,,,,
output,6,,ou,t,p,u,t,,,,,,
outrage,7,,ou,t,r,a,ge,,,,,,
outside,7,,ou,t,s,i,de,,,,,,
oven,4,,o,v,,e,n,,,,,,
over,4,,o,,v,e,r,,,,,,
overall,7,,o,,v,e,r,,a,ll,,,
overly,6,,o,,v,e,r,l,y,,,,
oversee,7,,o,,v,e,r,s,ee,,,,
owe,3,,owe,,,,,,,,,,
own,3,,ow,n,,,,,,,,,
owner,5,,ow,n,,e,r,,,,,,
oxygen,6,,o,x,,y,,g,e,n,,,
pace,4,p,a,ce,,,,,,,,,
pack,4,p,a,ck,,,,,,,,,
package,7,p,a,ck,,a,ge,,,,,,
packet,6,p,a,ck,,e,t,,,,,,
pad,3,p,a,d,,,,,,,,,
page,4,p,a,ge,,,,,,,,,
pain,4,p,ai,n,,,,,,,,,
painful,7,p,ai,n,f,u,l,,,,,,
paint,5,p,ai,nt,,,,,,,,,
painter,7,p,ai,nt,,e,r,,,,,,
pair,4,p,ai,r,,,,,,,,,
palace,6,p,a,l,,a,ce,,,,,,
pale,4,p,a,le,,,,,,,,,
palm,4,p,a,lm,,,,,,,,,
pan,3,p,a,n,,,,,,,,,
panel,5,p,a,n,,e,l,,,,,,
panic,5,p,a,n,,i,c,,,,,,
pants,5,p,a,nts,,,,,,,,,
paper,5,p,a,,p,e,r,,,,,,
parade,6,p,a,,r,a,de,,,,,,
parent,6,p,a,r,,e,nt,,,,,,
parish,6,p,a,r,,i,sh,,,,,,
park,4,p,a,rk,,,,,,,,,
parking,7,p,a,rk,,i,ng,,,,,,
part,4,p,a,rt,,,,,,,,,
partial,7,p,a,r,t,ia,l,,,,,,
partly,6,p,a,rt,l,y,,,,,,,
partner,7,p,a,rt,n,e,r,,,,,,
party,5,p,a,r,t,y,,,,,,,
pass,4,p,a,ss,,,,,,,,,
passage,7,p,a,s,s,a,ge,,,,,,
passing,7,p,a,ss,,i,ng,,,,,,
passion,7,p,a,s,s,io,n,,,,,,
passive,7,p,a,s,s,i,ve,,,,,,
past,4,p,a,st,,,,,,,,,
pastor,6,p,a,s,t,o,r,,,,,,
patch,5,p,a,tch,,,,,,,,,
patent,6,p,a,t,,e,nt,,,,,,
path,4,p,a,th,,,,,,,,,
pathway,7,p,a,th,,way,,,,,,,
patient,7,p,a,,t,ie,nt,,,,,,
patrol,6,p,a,,tr,o,l,,,,,,
patron,6,p,a,,tr,o,n,,,,,,
pattern,7,p,a,t,t,e,rn,,,,,,
pause,5,p,au,se,,,,,,,,,
pay,3,p,ay,,,,,,,,,,
payment,7,p,ay,,m,e,nt,,,,,,
peace,5,p,ea,ce,,,,,,,,,
peak,4,p,ea,k,,,,,,,,,
peasant,7,p,ea,s,,a,nt,,,,,,
peer,4,p,ee,r,,,,,,,,,
pen,3,p,e,n,,,,,,,,,
penalty,7,p,e,n,,a,l,t,y,,,,
pencil,6,p,e,n,c,i,l,,,,,,
penny,5,p,e,n,n,y,,,,,,,
pension,7,p,e,n,s,io,n,,,,,,
people,6,p,eo,,pl,e,,,,,,,
pepper,6,p,e,p,p,e,r,,,,,,
per,3,p,e,r,,,,,,,,,
perfect,7,p,e,r,f,e,ct,,,,,,
perform,7,p,e,r,f,o,rm,,,,,,
perhaps,7,p,e,r,h,a,ps,,,,,,
period,6,p,e,,r,i,,,o,d,,,
permit,6,p,e,r,m,i,t,,,,,,
persist,7,p,e,r,s,i,st,,,,,,
person,6,p,e,r,s,o,n,,,,,,
pet,3,p,e,t,,,,,,,,,
petrol,6,p,e,t,r,o,l,,,,,,
phase,5,ph,a,se,,,,,,,,,
phone,5,ph,o,ne,,,,,,,,,
photo,5,ph,o,,t,o,,,,,,,
phrase,6,phr,a,se,,,,,,,,,
physics,7,ph,y,s,,i,cs,,,,,,
piano,5,p,i,,,a,n,,o,,,,
pick,4,p,i,ck,,,,,,,,,
picture,7,p,i,c,t,u,re,,,,,,
piece,5,p,ie,ce,,,,,,,,,
pig,3,p,i,g,,,,,,,,,
pile,4,p,i,le,,,,,,,,,
pill,4,p,i,ll,,,,,,,,,
pilot,5,p,i,,l,o,t,,,,,,
pin,3,p,i,n,,,,,,,,,
pink,4,p,i,nk,,,,,,,,,
pioneer,7,p,i,,,o,,n,ee,r,,,
pipe,4,p,i,pe,,,,,,,,,
pirate,6,p,i,,r,a,te,,,,,,
pit,3,p,i,t,,,,,,,,,
pitch,5,p,i,tch,,,,,,,,,
pity,4,p,i,t,,y,,,,,,,
place,5,pl,a,ce,,,,,,,,,
plain,5,pl,ai,n,,,,,,,,,
plan,4,pl,a,n,,,,,,,,,
plane,5,pl,a,ne,,,,,,,,,
planet,6,pl,a,n,,e,t,,,,,,
plant,5,pl,a,nt,,,,,,,,,
plastic,7,pl,a,s,t,i,c,,,,,,
plate,5,pl,a,te,,,,,,,,,
play,4,pl,ay,,,,,,,,,,
player,6,pl,ay,,,e,r,,,,,,
plea,4,pl,ea,,,,,,,,,,
plead,5,pl,ea,d,,,,,,,,,
please,6,pl,ea,se,,,,,,,,,
pleased,7,pl,ea,sed,,,,,,,,,
pledge,6,pl,e,dge,,,,,,,,,
plenty,6,pl,e,n,t,y,,,,,,,
plot,4,pl,o,t,,,,,,,,,
plug,4,pl,u,g,,,,,,,,,
plunge,6,pl,u,nge,,,,,,,,,
plus,4,pl,u,s,,,,,,,,,
pocket,6,p,o,ck,,e,t,,,,,,
poem,4,p,oe,m,,,,,,,,,
poet,4,p,oe,t,,,,,,,,,
poetry,6,p,o,,,e,t,r,y,,,,
point,5,p,oi,nt,,,,,,,,,
pointed,7,p,oi,nt,,e,d,,,,,,
poison,6,p,oi,,s,o,n,,,,,,
pole,4,p,o,le,,,,,,,,,
police,6,p,o,,l,i,ce,,,,,,
policy,6,p,o,l,,i,,c,y,,,,
polite,6,p,o,,l,i,te,,,,,,
poll,4,p,o,ll,,,,,,,,,
pond,4,p,o,nd,,,,,,,,,
pool,4,p,oo,l,,,,,,,,,
poor,4,p,oo,r,,,,,,,,,
pop,3,p,o,p,,,,,,,,,
popular,7,p,o,p,,u,,l,a,r,,,
port,4,p,o,rt,,,,,,,,,
portion,7,p,o,r,t,io,n,,,,,,
portray,7,p,o,r,tr,a,y,,,,,,
pose,4,p,o,se,,,,,,,,,
possess,7,p,o,s,s,e,ss,,,,,,
post,4,p,o,st,,,,,,,,,
poster,6,p,o,st,,e,r,,,,,,
pot,3,p,o,t,,,,,,,,,
potato,6,p,o,,t,a,,t,o,,,,
pound,5,p,ou,nd,,,,,,,,,
pour,4,p,ou,r,,,,,,,,,
poverty,7,p,o,v,,e,r,t,y,,,,
powder,6,p,ow,,d,e,r,,,,,,
power,5,p,owe,r,,,,,,,,,
praise,6,pr,ai,se,,,,,,,,,
pray,4,pr,ay,,,,,,,,,,
prayer,6,pr,ay,,,e,r,,,,,,
preach,6,pr,ea,ch,,,,,,,,,
precede,7,pr,e,,c,e,de,,,,,,
precise,7,pr,e,,c,i,se,,,,,,
predict,7,pr,e,,d,i,ct,,,,,,
prefer,6,pr,e,,f,e,r,,,,,,
premier,7,pr,e,,m,ie,r,,,,,,
premise,7,pr,e,m,,i,se,,,,,,
premium,7,pr,e,,m,i,,,u,m,,,
prepare,7,pr,e,,p,a,re,,,,,,
present,7,pr,e,s,,e,nt,,,,,,
preside,7,pr,e,,s,i,de,,,,,,
press,5,pr,e,ss,,,,,,,,,
presume,7,pr,e,,s,u,me,,,,,,
pretend,7,pr,e,,t,e,nd,,,,,,
pretty,6,pr,e,t,t,y,,,,,,,
prevail,7,pr,e,,v,ai,l,,,,,,
prevent,7,pr,e,,v,e,nt,,,,,,
prey,4,pr,ey,,,,,,,,,,
price,5,pr,i,ce,,,,,,,,,
pride,5,pr,i,de,,,,,,,,,
priest,6,pr,ie,st,,,,,,,,,
primary,7,pr,i,,m,a,,r,y,,,,
prime,5,pr,i,me,,,,,,,,,
prince,6,pr,i,nce,,,,,,,,,
print,5,pr,i,nt,,,,,,,,,
printer,7,pr,i,nt,,e,r,,,,,,
prior,5,pr,i,,,o,r,,,,,,
prison,6,pr,i,s,,o,n,,,,,,
privacy,7,pr,i,,v,a,,c,y,,,,
private,7,pr,i,,v,a,te,,,,,,
prize,5,pr,i,ze,,,,,,,,,
probe,5,pr,o,be,,,,,,,,,
problem,7,pr,o,b,l,e,m,,,,,,
proceed,7,pr,o,,c,ee,d,,,,,,
process,7,pr,o,c,,e,ss,,,,,,
produce,7,pr,o,,d,u,ce,,,,,,
product,7,pr,o,d,,u,ct,,,,,,
profile,7,pr,o,,f,i,le,,,,,,
profit,6,pr,o,f,,i,t,,,,,,
program,7,pr,o,,gr,a,m,,,,,,
project,7,pr,o,j,,e,ct,,,,,,
promise,7,pr,o,m,,i,se,,,,,,
promote,7,pr,o,,m,o,te,,,,,,
prompt,6,pr,o,mpt,,,,,,,,,
proof,5,pr,oo,f,,,,,,,,,
proper,6,pr,o,p,,e,r,,,,,,
propose,7,pr,o,,p,o,se,,,,,,
protect,7,pr,o,,t,e,ct,,,,,,
protein,7,pr,o,,t,ei,n,,,,,,
protest,7,pr,o,,t,e,st,,,,,,
proud,5,pr,ou,d,,,,,,,,,
prove,5,pr,o,ve,,,,,,,,,
provide,7,pr,o,,v,i,de,,,,,,
provoke,7,pr,o,,v,o,ke,,,,,,
pub,3,p,u,b,,,,,,,,,
public,6,p,u,b,l,i,c,,,,,,
publish,7,p,u,b,l,i,sh,,,,,,
pull,4,p,u,ll,,,,,,,,,
pulse,5,p,u,lse,,,,,,,,,
pump,4,p,u,mp,,,,,,,,,
punch,5,p,u,nch,,,,,,,,,
punish,6,p,u,n,,i,sh,,,,,,
punk,4,p,u,nk,,,,,,,,,
pupil,5,p,u,,p,i,l,,,,,,
pure,4,p,u,re,,,,,,,,,
purely,6,p,u,re,l,y,,,,,,,
purple,6,p,u,r,pl,e,,,,,,,
purpose,7,p,u,r,p,o,se,,,,,,
pursue,6,p,u,r,s,ue,,,,,,,
pursuit,7,p,u,r,s,ui,t,,,,,,
push,4,p,u,sh,,,,,,,,,
put,3,p,u,t,,,,,,,,,
puzzle,6,p,u,z,zl,e,,,,,,,
qualify,7,q,ua,l,,i,,f,y,,,,
quality,7,q,ua,l,,i,,t,y,,,,
quarter,7,q,ua,r,t,e,r,,,,,,
queen,5,q,uee,n,,,,,,,,,
query,5,,que,,r,y,,,,,,,
quest,5,,que,st,,,,,,,,,
queue,5,q,ueue,,,,,,,,,,
quick,5,q,ui,ck,,,,,,,,,
quickly,7,q,ui,ck,l,y,,,,,,,
quiet,5,q,uie,t,,,,,,,,,
quietly,7,q,ui,,,e,t,l,y,,,,
quit,4,q,ui,t,,,,,,,,,
quite,5,q,ui,te,,,,,,,,,
quota,5,,quo,,t,a,,,,,,,
quote,5,q,uo,te,,,,,,,,,
race,4,r,a,ce,,,,,,,,,
racial,6,r,a,,c,ia,l,,,,,,
racing,6,r,a,c,,i,ng,,,,,,
racism,6,r,a,c,,i,sm,,,,,,
racist,6,r,a,c,,i,st,,,,,,
radar,5,r,a,,d,a,r,,,,,,
radical,7,r,a,d,,i,,c,a,l,,,
radio,5,r,a,,d,i,,,o,,,,
rage,4,r,a,ge,,,,,,,,,
raid,4,r,ai,d,,,,,,,,,
rail,4,r,ai,l,,,,,,,,,
railway,7,r,ai,l,,way,,,,,,,
rain,4,r,ai,n,,,,,,,,,
raise,5,r,ai,se,,,,,,,,,
rally,5,r,a,l,l,y,,,,,,,
random,6,r,a,n,d,o,m,,,,,,
range,5,r,a,nge,,,,,,,,,
rank,4,r,a,nk,,,,,,,,,
ranking,7,r,a,nk,,i,ng,,,,,,
rape,4,r,a,pe,,,,,,,,,
rapid,5,r,a,p,,i,d,,,,,,
rapidly,7,r,a,p,,i,d,l,y,,,,
rare,4,r,a,re,,,,,,,,,
rarely,6,r,a,re,l,y,,,,,,,
rat,3,r,a,t,,,,,,,,,
rate,4,r,a,te,,,,,,,,,
rather,6,r,a,th,,e,r,,,,,,
rating,6,r,a,t,,i,ng,,,,,,
ratio,5,r,a,,t,i,,,o,,,,
raw,3,r,aw,,,,,,,,,,
ray,3,r,ay,,,,,,,,,,
reach,5,r,ea,ch,,,,,,,,,
react,5,r,ea,ct,,,,,,,,,
read,4,r,ea,d,,,,,,,,,
reader,6,r,ea,d,,e,r,,,,,,
readily,7,r,ea,d,,i,,l,y,,,,
reading,7,r,ea,d,,i,ng,,,,,,
ready,5,r,ea,,d,y,,,,,,,
real,4,r,ea,l,,,,,,,,,
reality,7,r,e,,,a,l,,i,,t,y,
realize,7,r,e,,,a,l,,i,ze,,,
really,6,r,e,,,a,l,l,y,,,,
realm,5,r,ea,lm,,,,,,,,,
rear,4,r,ea,r,,,,,,,,,
reason,6,r,ea,,s,o,n,,,,,,
rebel,5,r,e,b,,e,l,,,,,,
rebuild,7,r,e,,b,ui,ld,,,,,,
recall,6,r,e,,c,a,ll,,,,,,
receipt,7,r,e,,c,ei,pt,,,,,,
receive,7,r,e,,c,ei,ve,,,,,,
recent,6,r,e,,c,e,nt,,,,,,
recipe,6,r,e,c,,i,,p,e,,,,
reckon,6,r,e,ck,,o,n,,,,,,
record,6,r,e,c,,o,rd,,,,,,
recount,7,r,e,,c,ou,nt,,,,,,
recover,7,r,e,,c,o,v,,e,r,,,
recruit,7,r,e,,cr,ui,t,,,,,,
recycle,7,r,e,,c,y,,cl,e,,,,
red,3,r,e,d,,,,,,,,,
reduce,6,r,e,,d,u,ce,,,,,,
refer,5,r,e,,f,e,r,,,,,,
referee,7,r,e,f,,e,r,,ee,,,,
reflect,7,r,e,,fl,e,ct,,,,,,
reform,6,r,e,,f,o,rm,,,,,,
refuge,6,r,e,f,,u,ge,,,,,,
refugee,7,r,e,f,,u,,g,ee,,,,
refusal,7,r,e,,f,u,s,,a,l,,,
refuse,6,r,e,,f,u,se,,,,,,
regain,6,r,e,,g,ai,n,,,,,,
regard,6,r,e,,g,a,rd,,,,,,
regime,6,r,e,,g,i,me,,,,,,
region,6,r,e,,g,io,n,,,,,,
regret,6,r,e,,gr,e,t,,,,,,
regular,7,r,e,g,,u,,l,a,r,,,
reign,5,r,ei,gn,,,,,,,,,
reject,6,r,e,,j,e,ct,,,,,,
relate,6,r,e,,l,a,te,,,,,,
related,7,r,e,,l,a,t,,e,d,,,
relax,5,r,e,,l,a,x,,,,,,
relaxed,7,r,e,,l,a,xed,,,,,,
release,7,r,e,,l,ea,se,,,,,,
relief,6,r,e,,l,ie,f,,,,,,
relieve,7,r,e,,l,ie,ve,,,,,,
rely,4,r,e,,l,y,,,,,,,
remain,6,r,e,,m,ai,n,,,,,,
remains,7,r,e,,m,ai,ns,,,,,,
remark,6,r,e,,m,a,rk,,,,,,
remedy,6,r,e,m,,e,,d,y,,,,
remind,6,r,e,,m,i,nd,,,,,,
remote,6,r,e,,m,o,te,,,,,,
removal,7,r,e,,m,o,v,,a,l,,,
remove,6,r,e,,m,o,ve,,,,,,
render,6,r,e,n,d,e,r,,,,,,
renew,5,r,e,,n,e,w,,,,,,
rent,4,r,e,nt,,,,,,,,,
rental,6,r,e,nt,,a,l,,,,,,
repair,6,r,e,,p,ai,r,,,,,,
repeat,6,r,e,,p,ea,t,,,,,,
replace,7,r,e,,pl,a,ce,,,,,,
reply,5,r,e,,pl,y,,,,,,,
report,6,r,e,,p,o,rt,,,,,,
request,7,r,e,,q,ue,st,,,,,,
require,7,r,e,,q,ui,re,,,,,,
rescue,6,r,e,s,c,ue,,,,,,,
reserve,7,r,e,,s,e,rve,,,,,,
reside,6,r,e,,s,i,de,,,,,,
residue,7,r,e,s,,i,,d,ue,,,,
resign,6,r,e,,s,i,gn,,,,,,
resist,6,r,e,,s,i,st,,,,,,
resolve,7,r,e,,s,o,lve,,,,,,
resort,6,r,e,,s,o,rt,,,,,,
respect,7,r,e,,sp,e,ct,,,,,,
respond,7,r,e,,sp,o,nd,,,,,,
rest,4,r,e,st,,,,,,,,,
restore,7,r,e,,st,o,re,,,,,,
result,6,r,e,,s,u,lt,,,,,,
resume,6,r,e,,s,u,me,,,,,,
retail,6,r,e,,t,ai,l,,,,,,
retain,6,r,e,,t,ai,n,,,,,,
retire,6,r,e,,t,i,re,,,,,,
retired,7,r,e,,t,i,red,,,,,,
retreat,7,r,e,,tr,ea,t,,,,,,
return,6,r,e,,t,u,rn,,,,,,
reveal,6,r,e,,v,ea,l,,,,,,
revenge,7,r,e,,v,e,nge,,,,,,
revenue,7,r,e,v,,e,,n,ue,,,,
reverse,7,r,e,,v,e,rse,,,,,,
review,6,r,e,,v,iew,,,,,,,
revise,6,r,e,,v,i,se,,,,,,
revival,7,r,e,,v,i,v,,a,l,,,
revive,6,r,e,,v,i,ve,,,,,,
reward,6,r,e,,,wa,rd,,,,,,
rhythm,6,rh,y,thm,,,,,,,,,
rice,4,r,i,ce,,,,,,,,,
rich,4,r,i,ch,,,,,,,,,
rid,3,r,i,d,,,,,,,,,
ride,4,r,i,de,,,,,,,,,
rifle,5,r,i,fle,,,,,,,,,
right,5,r,i,ght,,,,,,,,,
ring,4,r,i,ng,,,,,,,,,
riot,4,r,io,t,,,,,,,,,
rip,3,r,i,p,,,,,,,,,
rise,4,r,i,se,,,,,,,,,
risk,4,r,i,sk,,,,,,,,,
risky,5,r,i,sk,,y,,,,,,,
ritual,6,r,i,t,,u,,,a,l,,,
rival,5,r,i,,v,a,l,,,,,,
river,5,r,i,v,,e,r,,,,,,
road,4,r,oa,d,,,,,,,,,
rob,3,r,o,b,,,,,,,,,
robbery,7,r,o,b,b,e,r,,y,,,,
robot,5,r,o,,b,o,t,,,,,,
robust,6,r,o,,b,u,st,,,,,,
rock,4,r,o,ck,,,,,,,,,
rocket,6,r,o,ck,,e,t,,,,,,
rod,3,r,o,d,,,,,,,,,
role,4,r,o,le,,,,,,,,,
roll,4,r,o,ll,,,,,,,,,
romance,7,r,o,,m,a,nce,,,,,,
roof,4,r,oo,f,,,,,,,,,
room,4,r,oo,m,,,,,,,,,
root,4,r,oo,t,,,,,,,,,
rope,4,r,o,pe,,,,,,,,,
rose,4,r,o,se,,,,,,,,,
rotate,6,r,o,,t,a,te,,,,,,
rough,5,r,ou,gh,,,,,,,,,
roughly,7,r,ou,gh,l,y,,,,,,,
round,5,r,ou,nd,,,,,,,,,
route,5,r,ou,te,,,,,,,,,
routine,7,r,ou,,t,i,ne,,,,,,
row,3,r,ow,,,,,,,,,,
royal,5,r,oy,,,a,l,,,,,,
rub,3,r,u,b,,,,,,,,,
rubber,6,r,u,b,b,e,r,,,,,,
rubbish,7,r,u,b,b,i,sh,,,,,,
rude,4,r,u,de,,,,,,,,,
rugby,5,r,u,g,b,y,,,,,,,
ruin,4,r,ui,n,,,,,,,,,
rule,4,r,u,le,,,,,,,,,
ruling,6,r,u,l,,i,ng,,,,,,
rumour,6,r,u,,m,ou,r,,,,,,
run,3,r,u,n,,,,,,,,,
runner,6,r,u,n,n,e,r,,,,,,
running,7,r,u,n,n,i,ng,,,,,,
rural,5,r,u,,r,a,l,,,,,,
rush,4,r,u,sh,,,,,,,,,
sack,4,s,a,ck,,,,,,,,,
sacred,6,s,a,,cr,e,d,,,,,,
sad,3,s,a,d,,,,,,,,,
sadly,5,s,a,d,l,y,,,,,,,
safe,4,s,a,fe,,,,,,,,,
safety,6,s,a,fe,t,y,,,,,,,
sail,4,s,ai,l,,,,,,,,,
sailing,7,s,ai,l,,i,ng,,,,,,
sailor,6,s,ai,l,,o,r,,,,,,
saint,5,s,ai,nt,,,,,,,,,
sake,4,s,a,ke,,,,,,,,,
salad,5,s,a,l,,a,d,,,,,,
salary,6,s,a,l,,a,,r,y,,,,
sale,4,s,a,le,,,,,,,,,
salt,4,s,a,lt,,,,,,,,,
same,4,s,a,me,,,,,,,,,
sample,6,s,a,m,pl,e,,,,,,,
sand,4,s,a,nd,,,,,,,,,
satisfy,7,s,a,t,,i,s,f,y,,,,
sauce,5,s,au,ce,,,,,,,,,
save,4,s,a,ve,,,,,,,,,
saving,6,s,a,v,,i,ng,,,,,,
say,3,s,ay,,,,,,,,,,
scale,5,sc,a,le,,,,,,,,,
scan,4,sc,a,n,,,,,,,,,
scandal,7,sc,a,n,d,a,l,,,,,,
scare,5,sc,a,re,,,,,,,,,
scared,6,sc,a,red,,,,,,,,,
scary,5,sc,a,r,,y,,,,,,,
scene,5,sc,e,ne,,,,,,,,,
scheme,6,sch,e,me,,,,,,,,,
scholar,7,sch,o,l,,a,r,,,,,,
school,6,sch,oo,l,,,,,,,,,
science,7,sc,i,,,e,nce,,,,,,
scope,5,sc,o,pe,,,,,,,,,
score,5,sc,o,re,,,,,,,,,
scratch,7,scr,a,tch,,,,,,,,,
scream,6,scr,ea,m,,,,,,,,,
screen,6,scr,ee,n,,,,,,,,,
screw,5,scr,ew,,,,,,,,,,
script,6,scr,i,pt,,,,,,,,,
sea,3,s,ea,,,,,,,,,,
seal,4,s,ea,l,,,,,,,,,
search,6,s,ea,rch,,,,,,,,,
season,6,s,ea,,s,o,n,,,,,,
seat,4,s,ea,t,,,,,,,,,
second,6,s,e,c,,o,nd,,,,,,
secret,6,s,e,,cr,e,t,,,,,,
section,7,s,e,c,t,io,n,,,,,,
sector,6,s,e,c,t,o,r,,,,,,
secular,7,s,e,c,,u,,l,a,r,,,
secure,6,s,e,,c,u,re,,,,,,
see,3,s,ee,,,,,,,,,,
seed,4,s,ee,d,,,,,,,,,
seek,4,s,ee,k,,,,,,,,,
seeker,6,s,ee,k,,e,r,,,,,,
seem,4,s,ee,m,,,,,,,,,
segment,7,s,e,g,m,e,nt,,,,,,
seize,5,s,ei,ze,,,,,,,,,
seldom,6,s,e,l,d,o,m,,,,,,
select,6,s,e,,l,e,ct,,,,,,
self,4,s,e,lf,,,,,,,,,
sell,4,s,e,ll,,,,,,,,,
seminar,7,s,e,m,,i,,n,a,r,,,
senator,7,s,e,n,,a,,t,o,r,,,
send,4,s,e,nd,,,,,,,,,
senior,6,s,e,n,,io,r,,,,,,
sense,5,s,e,nse,,,,,,,,,
serial,6,s,e,,r,i,,,a,l,,,
series,6,s,e,,r,ie,s,,,,,,
serious,7,s,e,,r,i,,,ou,s,,,
servant,7,s,e,rv,,a,nt,,,,,,
serve,5,s,e,rve,,,,,,,,,
service,7,s,e,r,v,i,ce,,,,,,
session,7,s,e,s,s,io,n,,,,,,
set,3,s,e,t,,,,,,,,,
setting,7,s,e,t,t,i,ng,,,,,,
settle,6,s,e,t,tl,e,,,,,,,
settler,7,s,e,t,tl,e,r,,,,,,
seven,5,s,e,v,,e,n,,,,,,
seventy,7,s,e,v,,e,n,t,y,,,,
several,7,s,e,v,,e,r,,a,l,,,
severe,6,s,e,,v,e,re,,,,,,
sex,3,s,e,x,,,,,,,,,
sexual,6,s,e,x,,u,,,a,l,,,
sexy,4,s,e,x,,y,,,,,,,
shade,5,sh,a,de,,,,,,,,,
shadow,6,sh,a,d,,ow,,,,,,,
shake,5,sh,a,ke,,,,,,,,,
shall,5,sh,a,ll,,,,,,,,,
shallow,7,sh,a,l,l,ow,,,,,,,
shame,5,sh,a,me,,,,,,,,,
shape,5,sh,a,pe,,,,,,,,,
shaped,6,sh,a,ped,,,,,,,,,
share,5,sh,a,re,,,,,,,,,
sharp,5,sh,a,rp,,,,,,,,,
shatter,7,sh,a,t,t,e,r,,,,,,
she,3,sh,e,,,,,,,,,,
shed,4,sh,e,d,,,,,,,,,
sheep,5,sh,ee,p,,,,,,,,,
sheer,5,sh,ee,r,,,,,,,,,
sheet,5,sh,ee,t,,,,,,,,,
shelf,5,sh,e,lf,,,,,,,,,
shell,5,sh,e,ll,,,,,,,,,
shelter,7,sh,e,l,t,e,r,,,,,,
shift,5,sh,i,ft,,,,,,,,,
shine,5,sh,i,ne,,,,,,,,,
shiny,5,sh,i,n,,y,,,,,,,
ship,4,sh,i,p,,,,,,,,,
shirt,5,sh,i,rt,,,,,,,,,
shock,5,sh,o,ck,,,,,,,,,
shocked,7,sh,o,cked,,,,,,,,,
shoe,4,sh,oe,,,,,,,,,,
shoot,5,sh,oo,t,,,,,,,,,
shop,4,sh,o,p,,,,,,,,,
shore,5,sh,o,re,,,,,,,,,
short,5,sh,o,rt,,,,,,,,,
shortly,7,sh,o,rt,l,y,,,,,,,
shot,4,sh,o,t,,,,,,,,,
should,6,sh,ou,ld,,,,,,,,,
shout,5,sh,ou,t,,,,,,,,,
show,4,sh,ow,,,,,,,,,,
shower,6,sh,ow,,,e,r,,,,,,
shrink,6,shr,i,nk,,,,,,,,,
shrug,5,shr,u,g,,,,,,,,,
shut,4,sh,u,t,,,,,,,,,
shy,3,sh,y,,,,,,,,,,
sibling,7,s,i,b,l,i,ng,,,,,,
sick,4,s,i,ck,,,,,,,,,
side,4,s,i,de,,,,,,,,,
sigh,4,s,i,gh,,,,,,,,,
sight,5,s,i,ght,,,,,,,,,
sign,4,s,i,gn,,,,,,,,,
signal,6,s,i,g,n,a,l,,,,,,
silence,7,s,i,,l,e,nce,,,,,,
silent,6,s,i,,l,e,nt,,,,,,
silk,4,s,i,lk,,,,,,,,,
silly,5,s,i,l,l,y,,,,,,,
silver,6,s,i,l,v,e,r,,,,,,
similar,7,s,i,m,,i,,l,a,r,,,
simple,6,s,i,m,pl,e,,,,,,,
simply,6,s,i,m,pl,y,,,,,,,
sin,3,s,i,n,,,,,,,,,
since,5,s,i,nce,,,,,,,,,
sincere,7,s,i,n,c,e,re,,,,,,
sing,4,s,i,ng,,,,,,,,,
singer,6,s,i,ng,,e,r,,,,,,
singing,7,s,i,ng,,i,ng,,,,,,
single,6,s,i,n,gl,e,,,,,,,
sink,4,s,i,nk,,,,,,,,,
sir,3,s,i,r,,,,,,,,,
sister,6,s,i,s,t,e,r,,,,,,
sit,3,s,i,t,,,,,,,,,
site,4,s,i,te,,,,,,,,,
six,3,s,i,x,,,,,,,,,
sixteen,7,s,i,x,t,ee,n,,,,,,
sixty,5,s,i,x,t,y,,,,,,,
size,4,s,i,ze,,,,,,,,,
sketch,6,sk,e,tch,,,,,,,,,
ski,3,sk,i,,,,,,,,,,
skiing,6,sk,i,,,i,ng,,,,,,
skill,5,sk,i,ll,,,,,,,,,
skilled,7,sk,i,lled,,,,,,,,,
skin,4,sk,i,n,,,,,,,,,
skip,4,sk,i,p,,,,,,,,,
skirt,5,sk,i,rt,,,,,,,,,
skull,5,sk,u,ll,,,,,,,,,
sky,3,sk,y,,,,,,,,,,
slam,4,sl,a,m,,,,,,,,,
slap,4,sl,a,p,,,,,,,,,
slash,5,sl,a,sh,,,,,,,,,
slave,5,sl,a,ve,,,,,,,,,
slavery,7,sl,a,v,,e,r,,y,,,,
sleep,5,sl,ee,p,,,,,,,,,
slice,5,sl,i,ce,,,,,,,,,
slide,5,sl,i,de,,,,,,,,,
slight,6,sl,i,ght,,,,,,,,,
slip,4,sl,i,p,,,,,,,,,
slogan,6,sl,o,,g,a,n,,,,,,
slope,5,sl,o,pe,,,,,,,,,
slot,4,sl,o,t,,,,,,,,,
slow,4,sl,o,w,,,,,,,,,
slowly,6,sl,ow,,l,y,,,,,,,
small,5,sm,a,ll,,,,,,,,,
smart,5,sm,a,rt,,,,,,,,,
smash,5,sm,a,sh,,,,,,,,,
smell,5,sm,e,ll,,,,,,,,,
smile,5,sm,i,le,,,,,,,,,
smoke,5,sm,o,ke,,,,,,,,,
smoking,7,sm,o,k,,i,ng,,,,,,
smooth,6,sm,oo,th,,,,,,,,,
snake,5,sn,a,ke,,,,,,,,,
snap,4,sn,a,p,,,,,,,,,
snow,4,sn,o,w,,,,,,,,,
so,2,s,o,,,,,,,,,,
soak,4,s,oa,k,,,,,,,,,
soap,4,s,oa,p,,,,,,,,,
soar,4,s,oa,r,,,,,,,,,
soccer,6,s,o,c,c,e,r,,,,,,
social,6,s,o,,c,ia,l,,,,,,
society,7,s,o,,c,i,,,e,,t,y,
sock,4,s,o,ck,,,,,,,,,
soft,4,s,o,ft,,,,,,,,,
soil,4,s,oi,l,,,,,,,,,
solar,5,s,o,,l,a,r,,,,,,
soldier,7,s,o,l,d,ie,r,,,,,,
sole,4,s,o,le,,,,,,,,,
solely,6,s,o,le,l,y,,,,,,,
solid,5,s,o,l,,i,d,,,,,,
solo,4,s,o,,l,o,,,,,,,
solve,5,s,o,lve,,,,,,,,,
some,4,s,o,me,,,,,,,,,
somehow,7,s,o,me,h,ow,,,,,,,
someone,7,s,o,me,,o,ne,,,,,,
son,3,s,o,n,,,,,,,,,
song,4,s,o,ng,,,,,,,,,
soon,4,s,oo,n,,,,,,,,,
sorry,5,s,o,r,r,y,,,,,,,
sort,4,s,o,rt,,,,,,,,,
soul,4,s,ou,l,,,,,,,,,
sound,5,s,ou,nd,,,,,,,,,
soup,4,s,ou,p,,,,,,,,,
source,6,s,ou,rce,,,,,,,,,
south,5,s,ou,th,,,,,,,,,
space,5,sp,a,ce,,,,,,,,,
spam,4,sp,a,m,,,,,,,,,
span,4,sp,a,n,,,,,,,,,
spare,5,sp,a,re,,,,,,,,,
spark,5,sp,a,rk,,,,,,,,,
speak,5,sp,ea,k,,,,,,,,,
speaker,7,sp,ea,k,,e,r,,,,,,
special,7,sp,e,,c,ia,l,,,,,,
species,7,sp,e,,c,ie,s,,,,,,
specify,7,sp,e,c,,i,,f,y,,,,
speech,6,sp,ee,ch,,,,,,,,,
speed,5,sp,ee,d,,,,,,,,,
spell,5,sp,e,ll,,,,,,,,,
spend,5,sp,e,nd,,,,,,,,,
sphere,6,sph,e,re,,,,,,,,,
spicy,5,sp,i,c,,y,,,,,,,
spider,6,sp,i,,d,e,r,,,,,,
spill,5,sp,i,ll,,,,,,,,,
spin,4,sp,i,n,,,,,,,,,
spine,5,sp,i,ne,,,,,,,,,
spirit,6,sp,i,r,,i,t,,,,,,
spite,5,sp,i,te,,,,,,,,,
split,5,spl,i,t,,,,,,,,,
spoil,5,sp,oi,l,,,,,,,,,
spoken,6,sp,o,,k,e,n,,,,,,
sponsor,7,sp,o,n,s,o,r,,,,,,
spoon,5,sp,oo,n,,,,,,,,,
sport,5,sp,o,rt,,,,,,,,,
spot,4,sp,o,t,,,,,,,,,
spouse,6,sp,ou,se,,,,,,,,,
spread,6,spr,ea,d,,,,,,,,,
spring,6,spr,i,ng,,,,,,,,,
spy,3,sp,y,,,,,,,,,,
squad,5,sq,ua,d,,,,,,,,,
square,6,sq,ua,re,,,,,,,,,
squeeze,7,sq,uee,ze,,,,,,,,,
stab,4,st,a,b,,,,,,,,,
stable,6,st,a,,bl,e,,,,,,,
stadium,7,st,a,,d,i,,,u,m,,,
staff,5,st,a,ff,,,,,,,,,
stage,5,st,a,ge,,,,,,,,,
stair,5,st,ai,r,,,,,,,,,
stake,5,st,a,ke,,,,,,,,,
stall,5,st,a,ll,,,,,,,,,
stamp,5,st,a,mp,,,,,,,,,
stance,6,st,a,nce,,,,,,,,,
stand,5,st,a,nd,,,,,,,,,
star,4,st,a,r,,,,,,,,,
stare,5,st,a,re,,,,,,,,,
stark,5,st,a,rk,,,,,,,,,
start,5,st,a,rt,,,,,,,,,
starve,6,st,a,rve,,,,,,,,,
state,5,st,a,te,,,,,,,,,
station,7,st,a,,t,io,n,,,,,,
statue,6,st,a,t,,ue,,,,,,,
status,6,st,a,,t,u,s,,,,,,
stay,4,st,ay,,,,,,,,,,
steady,6,st,ea,d,,y,,,,,,,
steal,5,st,ea,l,,,,,,,,,
steam,5,st,ea,m,,,,,,,,,
steel,5,st,ee,l,,,,,,,,,
steep,5,st,ee,p,,,,,,,,,
steer,5,st,ee,r,,,,,,,,,
stem,4,st,e,m,,,,,,,,,
step,4,st,e,p,,,,,,,,,
stick,5,st,i,ck,,,,,,,,,
sticky,6,st,i,ck,,y,,,,,,,
stiff,5,st,i,ff,,,,,,,,,
still,5,st,i,ll,,,,,,,,,
stir,4,st,i,r,,,,,,,,,
stock,5,st,o,ck,,,,,,,,,
stomach,7,st,o,m,,a,ch,,,,,,
stone,5,st,o,ne,,,,,,,,,
stop,4,st,o,p,,,,,,,,,
storage,7,st,o,r,,a,ge,,,,,,
store,5,st,o,re,,,,,,,,,
storm,5,st,o,rm,,,,,,,,,
story,5,st,o,,r,y,,,,,,,
strain,6,str,ai,n,,,,,,,,,
strand,6,str,a,nd,,,,,,,,,
strange,7,str,a,nge,,,,,,,,,
stream,6,str,ea,m,,,,,,,,,
street,6,str,ee,t,,,,,,,,,
stress,6,str,e,ss,,,,,,,,,
stretch,7,str,e,tch,,,,,,,,,
strict,6,str,i,ct,,,,,,,,,
strike,6,str,i,ke,,,,,,,,,
string,6,str,i,ng,,,,,,,,,
strip,5,str,i,p,,,,,,,,,
strive,6,str,i,ve,,,,,,,,,
stroke,6,str,o,ke,,,,,,,,,
strong,6,str,o,ng,,,,,,,,,
student,7,st,u,,d,e,nt,,,,,,
studio,6,st,u,,d,i,,,o,,,,
study,5,st,u,d,,y,,,,,,,
stuff,5,st,u,ff,,,,,,,,,
stumble,7,st,u,m,bl,e,,,,,,,
stun,4,st,u,n,,,,,,,,,
stupid,6,st,u,,p,i,d,,,,,,
style,5,st,y,le,,,,,,,,,
subject,7,s,u,b,j,e,ct,,,,,,
submit,6,s,u,b,m,i,t,,,,,,
subsidy,7,s,u,b,s,i,,d,y,,,,
subtle,6,s,u,b,tl,e,,,,,,,
suburb,6,s,u,b,,u,rb,,,,,,
succeed,7,s,u,c,c,ee,d,,,,,,
success,7,s,u,c,c,e,ss,,,,,,
such,4,s,u,ch,,,,,,,,,
suck,4,s,u,ck,,,,,,,,,
sudden,6,s,u,d,d,e,n,,,,,,
sue,3,s,ue,,,,,,,,,,
suffer,6,s,u,f,f,e,r,,,,,,
sugar,5,s,u,g,,a,r,,,,,,
suggest,7,s,u,g,g,e,st,,,,,,
suicide,7,s,u,,,i,,c,i,de,,,
suit,4,s,ui,t,,,,,,,,,
suite,5,s,ui,te,,,,,,,,,
sum,3,s,u,m,,,,,,,,,
summary,7,s,u,m,m,a,,r,y,,,,
summer,6,s,u,m,m,e,r,,,,,,
summit,6,s,u,m,m,i,t,,,,,,
sun,3,s,u,n,,,,,,,,,
sunday,6,s,u,n,d,a,y,,,,,,
super,5,s,u,,p,e,r,,,,,,
superb,6,s,u,,p,e,rb,,,,,,
supply,6,s,u,p,pl,y,,,,,,,
support,7,s,u,p,p,o,rt,,,,,,
suppose,7,s,u,p,p,o,se,,,,,,
supreme,7,s,u,,pr,e,me,,,,,,
sure,4,s,u,re,,,,,,,,,
surely,6,s,u,re,l,y,,,,,,,
surface,7,s,u,r,f,a,ce,,,,,,
surge,5,s,u,rge,,,,,,,,,
surgeon,7,s,u,r,g,eo,n,,,,,,
surgery,7,s,u,r,g,e,r,,y,,,,
surplus,7,s,u,r,pl,u,s,,,,,,
survey,6,s,u,r,v,ey,,,,,,,
survive,7,s,u,r,v,i,ve,,,,,,
suspect,7,s,u,s,p,e,ct,,,,,,
suspend,7,s,u,s,p,e,nd,,,,,,
sustain,7,s,u,s,t,ai,n,,,,,,
swallow,7,s,wa,l,l,ow,,,,,,,
swear,5,s,wea,r,,,,,,,,,
sweater,7,s,wea,t,,e,r,,,,,,
sweep,5,s,wee,p,,,,,,,,,
sweet,5,s,wee,t,,,,,,,,,
swim,4,s,wi,m,,,,,,,,,
swing,5,s,wi,ng,,,,,,,,,
switch,6,s,wi,tch,,,,,,,,,
sword,5,s,wo,rd,,,,,,,,,
symbol,6,s,y,m,b,o,l,,,,,,
symptom,7,s,y,mp,t,o,m,,,,,,
system,6,s,y,s,t,e,m,,,,,,
table,5,t,a,,bl,e,,,,,,,
tablet,6,t,a,b,l,e,t,,,,,,
tackle,6,t,a,ck,l,e,,,,,,,
tactic,6,t,a,c,t,i,c,,,,,,
tag,3,t,a,g,,,,,,,,,
tail,4,t,ai,l,,,,,,,,,
take,4,t,a,ke,,,,,,,,,
tale,4,t,a,le,,,,,,,,,
talent,6,t,a,l,,e,nt,,,,,,
talk,4,t,a,lk,,,,,,,,,
tall,4,t,a,ll,,,,,,,,,
tank,4,t,a,nk,,,,,,,,,
tap,3,t,a,p,,,,,,,,,
tape,4,t,a,pe,,,,,,,,,
target,6,t,a,r,g,e,t,,,,,,
task,4,t,a,sk,,,,,,,,,
taste,5,t,a,ste,,,,,,,,,
tax,3,t,a,x,,,,,,,,,
taxi,4,t,a,x,,i,,,,,,,
tea,3,t,ea,,,,,,,,,,
teach,5,t,ea,ch,,,,,,,,,
teacher,7,t,ea,ch,,e,r,,,,,,
team,4,t,ea,m,,,,,,,,,
tear,4,t,ea,r,,,,,,,,,
teenage,7,t,ee,n,,a,ge,,,,,,
teens,5,t,ee,ns,,,,,,,,,
tell,4,t,e,ll,,,,,,,,,
temple,6,t,e,m,pl,e,,,,,,,
tempt,5,t,e,mpt,,,,,,,,,
ten,3,t,e,n,,,,,,,,,
tenant,6,t,e,n,,a,nt,,,,,,
tend,4,t,e,nd,,,,,,,,,
tender,6,t,e,n,d,e,r,,,,,,
tennis,6,t,e,n,n,i,s,,,,,,
tension,7,t,e,n,s,io,n,,,,,,
tent,4,t,e,nt,,,,,,,,,
tenure,6,t,e,n,,u,re,,,,,,
term,4,t,e,rm,,,,,,,,,
terms,5,t,e,rms,,,,,,,,,
terrain,7,t,e,r,r,ai,n,,,,,,
terrify,7,t,e,r,r,i,,f,y,,,,
terror,6,t,e,r,r,o,r,,,,,,
test,4,t,e,st,,,,,,,,,
testify,7,t,e,s,t,i,,f,y,,,,
testing,7,t,e,st,,i,ng,,,,,,
text,4,t,e,xt,,,,,,,,,
texture,7,t,e,x,t,u,re,,,,,,
than,4,th,a,n,,,,,,,,,
thank,5,th,a,nk,,,,,,,,,
thanks,6,th,a,nks,,,,,,,,,
that,4,th,a,t,,,,,,,,,
the,3,th,e,,,,,,,,,,
theatre,7,th,e,,,a,,tr,e,,,,
theft,5,th,e,ft,,,,,,,,,
their,5,th,ei,r,,,,,,,,,
theirs,6,th,ei,rs,,,,,,,,,
them,4,th,e,m,,,,,,,,,
theme,5,th,e,me,,,,,,,,,
then,4,th,e,n,,,,,,,,,
theory,6,th,e,,,o,,r,y,,,,
therapy,7,th,e,r,,a,,p,y,,,,
there,5,th,e,re,,,,,,,,,
thereby,7,th,e,re,b,y,,,,,,,
thesis,6,th,e,,s,i,s,,,,,,
they,4,th,ey,,,,,,,,,,
thick,5,th,i,ck,,,,,,,,,
thief,5,th,ie,f,,,,,,,,,
thin,4,th,i,n,,,,,,,,,
thing,5,th,i,ng,,,,,,,,,
think,5,th,i,nk,,,,,,,,,
third,5,th,i,rd,,,,,,,,,
thirsty,7,th,i,rst,,y,,,,,,,
thirty,6,th,i,r,t,y,,,,,,,
this,4,th,i,s,,,,,,,,,
though,6,th,ou,gh,,,,,,,,,
thought,7,th,ou,ght,,,,,,,,,
thread,6,thr,ea,d,,,,,,,,,
threat,6,thr,ea,t,,,,,,,,,
three,5,thr,ee,,,,,,,,,,
thrive,6,thr,i,ve,,,,,,,,,
throat,6,thr,oa,t,,,,,,,,,
through,7,thr,ou,gh,,,,,,,,,
throw,5,thr,ow,,,,,,,,,,
thumb,5,th,u,mb,,,,,,,,,
thus,4,th,u,s,,,,,,,,,
ticket,6,t,i,ck,,e,t,,,,,,
tide,4,t,i,de,,,,,,,,,
tidy,4,t,i,,d,y,,,,,,,
tie,3,t,ie,,,,,,,,,,
tight,5,t,i,ght,,,,,,,,,
tighten,7,t,i,ght,,e,n,,,,,,
till,4,t,i,ll,,,,,,,,,
timber,6,t,i,m,b,e,r,,,,,,
time,4,t,i,me,,,,,,,,,
timely,6,t,i,me,l,y,,,,,,,
timing,6,t,i,m,,i,ng,,,,,,
tin,3,t,i,n,,,,,,,,,
tiny,4,t,i,,n,y,,,,,,,
tip,3,t,i,p,,,,,,,,,
tired,5,t,i,red,,,,,,,,,
tissue,6,t,i,s,s,ue,,,,,,,
title,5,t,i,tle,,,,,,,,,
to,2,t,o,,,,,,,,,,
tobacco,7,t,o,,b,a,c,c,o,,,,
today,5,t,o,,d,ay,,,,,,,
toe,3,t,oe,,,,,,,,,,
toilet,6,t,oi,,l,e,t,,,,,,
toll,4,t,o,ll,,,,,,,,,
tomato,6,t,o,,m,a,,t,o,,,,
ton,3,t,o,n,,,,,,,,,
tone,4,t,o,ne,,,,,,,,,
tongue,6,t,o,ngue,,,,,,,,,
tonight,7,t,o,,n,i,ght,,,,,,
tonne,5,t,o,nne,,,,,,,,,
too,3,t,oo,,,,,,,,,,
tool,4,t,oo,l,,,,,,,,,
tooth,5,t,oo,th,,,,,,,,,
top,3,t,o,p,,,,,,,,,
topic,5,t,o,p,,i,c,,,,,,
torture,7,t,o,r,t,u,re,,,,,,
toss,4,t,o,ss,,,,,,,,,
total,5,t,o,,t,a,l,,,,,,
totally,7,t,o,,t,a,l,l,y,,,,
touch,5,t,ou,ch,,,,,,,,,
tough,5,t,ou,gh,,,,,,,,,
tour,4,t,ou,r,,,,,,,,,
tourism,7,t,ou,r,,i,sm,,,,,,
tourist,7,t,ou,r,,i,st,,,,,,
towards,7,t,o,,,wa,rds,,,,,,
towel,5,t,owe,l,,,,,,,,,
tower,5,t,ow,,,e,r,,,,,,
town,4,t,ow,n,,,,,,,,,
toxic,5,t,o,x,,i,c,,,,,,
toy,3,t,oy,,,,,,,,,,
trace,5,tr,a,ce,,,,,,,,,
track,5,tr,a,ck,,,,,,,,,
trade,5,tr,a,de,,,,,,,,,
trading,7,tr,a,d,,i,ng,,,,,,
traffic,7,tr,a,f,f,i,c,,,,,,
tragedy,7,tr,a,g,,e,,d,y,,,,
tragic,6,tr,a,g,,i,c,,,,,,
trail,5,tr,ai,l,,,,,,,,,
trailer,7,tr,ai,l,,e,r,,,,,,
train,5,tr,ai,n,,,,,,,,,
trainer,7,tr,ai,n,,e,r,,,,,,
trait,5,tr,ai,t,,,,,,,,,
transit,7,tr,a,n,s,i,t,,,,,,
trap,4,tr,a,p,,,,,,,,,
trauma,6,tr,au,,m,a,,,,,,,
travel,6,tr,a,v,,e,l,,,,,,
treat,5,tr,ea,t,,,,,,,,,
treaty,6,tr,ea,,t,y,,,,,,,
tree,4,tr,ee,,,,,,,,,,
trend,5,tr,e,nd,,,,,,,,,
trial,5,tr,ia,l,,,,,,,,,
tribal,6,tr,i,b,,a,l,,,,,,
tribe,5,tr,i,be,,,,,,,,,
tribute,7,tr,i,b,,u,te,,,,,,
trick,5,tr,i,ck,,,,,,,,,
trigger,7,tr,i,g,g,e,r,,,,,,
trio,4,tr,io,,,,,,,,,,
trip,4,tr,i,p,,,,,,,,,
triumph,7,tr,i,,,u,mph,,,,,,
troop,5,tr,oo,p,,,,,,,,,
trophy,6,tr,o,,ph,y,,,,,,,
trouble,7,tr,ou,,bl,e,,,,,,,
truck,5,tr,u,ck,,,,,,,,,
true,4,tr,ue,,,,,,,,,,
truly,5,tr,u,,l,y,,,,,,,
trust,5,tr,u,st,,,,,,,,,
trustee,7,tr,u,st,,ee,,,,,,,
truth,5,tr,u,th,,,,,,,,,
try,3,tr,y,,,,,,,,,,
tsunami,7,ts,u,,n,a,,m,i,,,,
tube,4,t,u,be,,,,,,,,,
tuesday,7,t,ue,s,d,a,y,,,,,,
tuition,7,t,u,,,i,,t,io,n,,,
tune,4,t,u,ne,,,,,,,,,
tunnel,6,t,u,n,n,e,l,,,,,,
turn,4,t,u,rn,,,,,,,,,
turnout,7,t,u,rn,,ou,t,,,,,,
twelve,6,t,we,lve,,,,,,,,,
twenty,6,t,we,n,t,y,,,,,,,
twice,5,t,wi,ce,,,,,,,,,
twin,4,t,wi,n,,,,,,,,,
twist,5,t,wi,st,,,,,,,,,
two,3,t,wo,,,,,,,,,,
type,4,t,y,pe,,,,,,,,,
typical,7,t,y,p,,i,,c,a,l,,,
tyre,4,t,y,re,,,,,,,,,
ugly,4,,u,,gl,y,,,,,,,
unable,6,,u,n,,a,,bl,e,,,,
uncle,5,,u,n,cl,e,,,,,,,
under,5,,u,n,d,e,r,,,,,,
undergo,7,,u,n,d,e,r,g,o,,,,
unfair,6,,u,n,f,ai,r,,,,,,
unfold,6,,u,n,f,o,ld,,,,,,
unhappy,7,,u,n,h,a,p,p,y,,,,
uniform,7,,u,,n,i,,f,o,rm,,,
unify,5,,u,,n,i,,f,y,,,,
union,5,,u,n,,io,n,,,,,,
unique,6,,u,,n,i,que,,,,,,
unit,4,,u,,n,i,t,,,,,,
unite,5,,u,,n,i,te,,,,,,
united,6,,u,,n,i,t,,e,d,,,
unity,5,,u,,n,i,,t,y,,,,
unknown,7,,u,n,kn,ow,n,,,,,,
unless,6,,u,n,l,e,ss,,,,,,
unlike,6,,u,n,l,i,ke,,,,,,
until,5,,u,n,t,i,l,,,,,,
unusual,7,,u,n,,u,,s,u,,,a,l
unveil,6,,u,n,v,ei,l,,,,,,
up,2,,u,p,,,,,,,,,
update,6,,u,p,d,a,te,,,,,,
upgrade,7,,u,p,gr,a,de,,,,,,
uphold,6,,u,p,h,o,ld,,,,,,
upon,4,,u,,p,o,n,,,,,,
upper,5,,u,p,p,e,r,,,,,,
upset,5,,u,p,s,e,t,,,,,,
upwards,7,,u,p,,wa,rds,,,,,,
urban,5,,u,r,b,a,n,,,,,,
urge,4,,u,rge,,,,,,,,,
urgent,6,,u,r,g,e,nt,,,,,,
us,2,,u,s,,,,,,,,,
usage,5,,u,s,,a,ge,,,,,,
use,3,,u,se,,,,,,,,,
used,4,,u,sed,,,,,,,,,
useful,6,,u,se,f,u,l,,,,,,
useless,7,,u,se,l,e,ss,,,,,,
user,4,,u,s,,e,r,,,,,,
usual,5,,u,,s,u,,,a,l,,,
usually,7,,u,,s,u,,,a,l,l,y,
utility,7,,u,,t,i,l,,i,,t,y,
utilize,7,,u,,t,i,,l,i,ze,,,
utterly,7,,u,t,t,e,r,l,y,,,,
vacuum,6,v,a,c,,u,,,u,m,,,
vague,5,v,a,gue,,,,,,,,,
valid,5,v,a,l,,i,d,,,,,,
valley,6,v,a,l,l,ey,,,,,,,
value,5,v,a,l,,ue,,,,,,,
van,3,v,a,n,,,,,,,,,
vanish,6,v,a,n,,i,sh,,,,,,
varied,6,v,a,r,,ie,d,,,,,,
variety,7,v,a,,r,i,,,e,,t,y,
various,7,v,a,r,,i,,,ou,s,,,
vary,4,v,a,,r,y,,,,,,,
vast,4,v,a,st,,,,,,,,,
vehicle,7,v,e,,h,i,,cl,e,,,,
vein,4,v,ei,n,,,,,,,,,
venture,7,v,e,n,t,u,re,,,,,,
venue,5,v,e,n,,ue,,,,,,,
verbal,6,v,e,r,b,a,l,,,,,,
verdict,7,v,e,r,d,i,ct,,,,,,
verify,6,v,e,r,,i,,f,y,,,,
verse,5,v,e,rse,,,,,,,,,
version,7,v,e,r,s,io,n,,,,,,
versus,6,v,e,r,s,u,s,,,,,,
very,4,v,e,r,,y,,,,,,,
vessel,6,v,e,s,s,e,l,,,,,,
veteran,7,v,e,t,,e,r,,a,n,,,
via,3,v,ia,,,,,,,,,,
viable,6,v,i,,,a,,bl,e,,,,
vibrant,7,v,i,,br,a,nt,,,,,,
vice,4,v,i,ce,,,,,,,,,
vicious,7,v,i,,c,iou,s,,,,,,
victim,6,v,i,c,t,i,m,,,,,,
victory,7,v,i,c,t,o,,r,y,,,,
video,5,v,i,d,,e,,,o,,,,
view,4,v,iew,,,,,,,,,,
viewer,6,v,iew,,,e,r,,,,,,
village,7,v,i,l,l,a,ge,,,,,,
violate,7,v,i,,,o,,l,a,te,,,
violent,7,v,i,,,o,,l,e,nt,,,
virtual,7,v,i,r,t,u,,,a,l,,,
virtue,6,v,i,r,t,ue,,,,,,,
virus,5,v,i,,r,u,s,,,,,,
visa,4,v,i,,s,a,,,,,,,
visible,7,v,i,s,,i,,bl,e,,,,
vision,6,v,i,,s,io,n,,,,,,
visit,5,v,i,s,,i,t,,,,,,
visitor,7,v,i,s,,i,,t,o,r,,,
visual,6,v,i,s,,u,,,a,l,,,
vital,5,v,i,,t,a,l,,,,,,
vitamin,7,v,i,,t,a,,m,i,n,,,
vocal,5,v,o,,c,a,l,,,,,,
voice,5,v,oi,ce,,,,,,,,,
volume,6,v,o,l,,u,me,,,,,,
vote,4,v,o,te,,,,,,,,,
voting,6,v,o,t,,i,ng,,,,,,
vow,3,v,ow,,,,,,,,,,
wage,4,,wa,ge,,,,,,,,,
wait,4,,wai,t,,,,,,,,,
waiter,6,,wai,t,,e,r,,,,,,
wake,4,,wa,ke,,,,,,,,,
walk,4,,wa,lk,,,,,,,,,
wall,4,,wa,ll,,,,,,,,,
wander,6,,wa,n,d,e,r,,,,,,
want,4,,wa,nt,,,,,,,,,
war,3,,wa,r,,,,,,,,,
ward,4,,wa,rd,,,,,,,,,
warfare,7,,wa,r,f,a,re,,,,,,
warm,4,,wa,rm,,,,,,,,,
warming,7,,wa,rm,,i,ng,,,,,,
warn,4,,wa,rn,,,,,,,,,
warning,7,,wa,rn,,i,ng,,,,,,
warrant,7,,wa,r,r,a,nt,,,,,,
warrior,7,,wa,r,r,i,,,o,r,,,
wash,4,,wa,sh,,,,,,,,,
washing,7,,wa,sh,,i,ng,,,,,,
waste,5,,wa,ste,,,,,,,,,
watch,5,,wa,tch,,,,,,,,,
water,5,,wa,,t,e,r,,,,,,
wave,4,,wa,ve,,,,,,,,,
way,3,,way,,,,,,,,,,
we,2,,we,,,,,,,,,,
weak,4,,wea,k,,,,,,,,,
weaken,6,,wea,k,,e,n,,,,,,
wealth,6,,wea,lth,,,,,,,,,
wealthy,7,,wea,lth,,y,,,,,,,
weapon,6,,wea,p,,o,n,,,,,,
wear,4,,wea,r,,,,,,,,,
weather,7,,wea,th,,e,r,,,,,,
weave,5,,wea,ve,,,,,,,,,
web,3,,we,b,,,,,,,,,
website,7,,we,b,s,i,te,,,,,,
wedding,7,,we,dd,,i,ng,,,,,,
weed,4,,wee,d,,,,,,,,,
week,4,,wee,k,,,,,,,,,
weekend,7,,wee,k,,e,nd,,,,,,
weekly,6,,wee,k,l,y,,,,,,,
weigh,5,,wei,gh,,,,,,,,,
weight,6,,wei,ght,,,,,,,,,
weird,5,,wei,rd,,,,,,,,,
welcome,7,,we,l,c,o,me,,,,,,
welfare,7,,we,l,f,a,re,,,,,,
well,4,,we,ll,,,,,,,,,
west,4,,we,st,,,,,,,,,
western,7,,we,st,,e,rn,,,,,,
wet,3,,we,t,,,,,,,,,
what,4,,wha,t,,,,,,,,,
wheat,5,,whea,t,,,,,,,,,
wheel,5,,whee,l,,,,,,,,,
when,4,,whe,n,,,,,,,,,
where,5,,whe,re,,,,,,,,,
whereas,7,,whe,re,,a,s,,,,,,
whereby,7,,whe,re,b,y,,,,,,,
whether,7,,whe,th,,e,r,,,,,,
which,5,,whi,ch,,,,,,,,,
while,5,,whi,le,,,,,,,,,
whilst,6,,whi,lst,,,,,,,,,
whip,4,,whi,p,,,,,,,,,
whisper,7,,whi,s,p,e,r,,,,,,
white,5,,whi,te,,,,,,,,,
who,3,wh,o,,,,,,,,,,
whoever,7,wh,o,,,e,v,,er,,,,
whole,5,wh,o,le,,,,,,,,,
wholly,6,wh,o,l,l,y,,,,,,,
whom,4,wh,o,m,,,,,,,,,
whose,5,wh,o,se,,,,,,,,,
why,3,,why,,,,,,,,,,
wide,4,,wi,de,,,,,,,,,
widely,6,,wi,de,l,y,,,,,,,
widen,5,,wi,d,,e,n,,,,,,
widow,5,,wi,d,,ow,,,,,,,
width,5,,wi,dth,,,,,,,,,
wife,4,,wi,fe,,,,,,,,,
wild,4,,wi,ld,,,,,,,,,
will,4,,wi,ll,,,,,,,,,
willing,7,,wi,ll,,i,ng,,,,,,
win,3,,wi,n,,,,,,,,,
wind,4,,wi,nd,,,,,,,,,
window,6,,wi,n,d,ow,,,,,,,
wine,4,,wi,ne,,,,,,,,,
wing,4,,wi,ng,,,,,,,,,
winner,6,,wi,n,n,e,r,,,,,,
winter,6,,wi,n,t,e,r,,,,,,
wipe,4,,wi,pe,,,,,,,,,
wire,4,,wi,re,,,,,,,,,
wisdom,6,,wi,s,d,o,m,,,,,,
wise,4,,wi,se,,,,,,,,,
wish,4,,wi,sh,,,,,,,,,
wit,3,,wi,t,,,,,,,,,
with,4,,wi,th,,,,,,,,,
within,6,,wi,th,,i,n,,,,,,
without,7,,wi,th,,ou,t,,,,,,
witness,7,,wi,t,n,e,ss,,,,,,
woman,5,,wo,,m,a,n,,,,,,
wonder,6,,wo,n,d,e,r,,,,,,
wood,4,,woo,d,,,,,,,,,
wooden,6,,woo,d,,e,n,,,,,,
wool,4,,woo,l,,,,,,,,,
word,4,,wo,rd,,,,,,,,,
work,4,,wo,rk,,,,,,,,,
worker,6,,wo,rk,,e,r,,,,,,
working,7,,wo,rk,,i,ng,,,,,,
workout,7,,wo,rk,,ou,t,,,,,,
world,5,,wo,rld,,,,,,,,,
worm,4,,wo,rm,,,,,,,,,
worried,7,,wo,r,r,ie,d,,,,,,
worry,5,w,o,r,r,y,,,,,,,
worse,5,w,o,rse,,,,,,,,,
worship,7,,wo,r,sh,i,p,,,,,,
worst,5,w,o,rst,,,,,,,,,
worth,5,,wo,rth,,,,,,,,,
worthy,6,,wo,r,th,y,,,,,,,
would,5,,wou,ld,,,,,,,,,
wound,5,,wou,nd,,,,,,,,,
wow,3,,wow,,,,,,,,,,
wrap,4,wr,a,p,,,,,,,,,
wrist,5,wr,i,st,,,,,,,,,
write,5,wr,i,te,,,,,,,,,
writer,6,wr,i,t,,e,r,,,,,,
writing,7,wr,i,t,,i,ng,,,,,,
written,7,wr,i,t,t,e,n,,,,,,
wrong,5,wr,o,ng,,,,,,,,,
yard,4,,ya,rd,,,,,,,,,
yeah,4,,yea,h,,,,,,,,,
year,4,,yea,r,,,,,,,,,
yell,4,,ye,ll,,,,,,,,,
yellow,6,,ye,l,l,ow,,,,,,,
yes,3,,ye,s,,,,,,,,,
yet,3,,ye,t,,,,,,,,,
yield,5,,yie,ld,,,,,,,,,
you,3,,you,,,,,,,,,,
young,5,,you,ng,,,,,,,,,
your,4,,you,r,,,,,,,,,
yours,5,,you,rs,,,,,,,,,
youth,5,,you,th,,,,,,,,,
zero,4,z,e,,r,o,,,,,,,
zone,4,z,o,ne,,,,,,,,,