a,1,0
abandon,7,1
ability,7,2
able,4,3
abolish,7,4
about,5,5
above,5,5
abroad,6,5
absence,7,6
absent,6,6
absorb,6,6
absurd,6,6
abuse,5,5
academy,7,2
accent,6,6
accept,6,6
access,6,6
account,7,6
accuse,6,6
accused,7,6
achieve,7,5
acid,4,7
acquire,7,6
acre,4,3
across,6,5
act,3,8
action,6,6
active,6,6
actor,5,6
actress,7,6
actual,6,9
acute,5,5
ad,2,8
adapt,5,5
add,3,8
address,7,6
adhere,6,6
adjust,6,6
admire,6,6
admit,5,6
adopt,5,5
adult,5,5
advance,7,6
adverse,7,6
advice,6,6
advise,6,6
affair,6,6
affect,6,6
afford,6,6
afraid,6,5
after,5,6
again,5,5
against,7,5
age,3,8
aged,4,8
agency,6,10
agenda,6,10
agent,5,5
ago,3,3
agree,5,3
ahead,5,5
aid,3,8
aide,4,8
aim,3,8
air,3,8
airline,7,6
airport,7,6
alarm,5,5
albeit,6,9
album,5,6
alcohol,7,11
alert,5,5
alien,5,12
align,5,5
alike,5,5
alive,5,5
all,3,8
allege,6,6
allow,5,6
ally,4,13
almost,6,6
alone,5,5
along,5,5
already,7,14
also,4,13
alter,5,6
always,6,7
amateur,7,15
amazed,6,5
amazing,7,4
amend,5,5
amid,4,5
among,5,5
amount,6,5
amusing,7,4
analogy,7,2
analyse,7,15
analyst,7,15
anchor,6,6
ancient,7,6
and,3,8
angel,5,6
anger,5,6
angle,5,13
angrily,7,16
angry,5,13
animal,6,15
ankle,5,13
annoy,5,6
annoyed,7,6
annual,6,9
another,7,17
answer,6,6
anxiety,7,18
anxious,7,7
any,3,3
anybody,7,19
anyone,6,20
anyway,6,21
apart,5,5
apology,7,2
app,3,8
appeal,6,6
appear,6,6
applaud,7,6
apple,5,13
apply,5,13
appoint,7,6
approve,7,6
april,5,5
archive,7,6
area,4,21
arena,5,22
argue,5,13
arise,5,5
arm,3,8
armed,5,8
arms,4,8
army,4,13
around,6,5
arrange,7,6
array,5,13
arrest,6,6
arrival,7,11
arrive,6,6
arrow,5,13
art,3,8
article,7,16
artist,6,7
artwork,7,7
as,2,8
ash,3,8
ashamed,7,5
aside,5,5
ask,3,8
asleep,6,5
aspect,6,6
aspire,6,6
assault,7,6
assert,6,6
assess,6,6
asset,5,6
assign,6,6
assist,6,6
assume,6,6
assure,6,6
asylum,6,23
at,2,8
athlete,7,6
attach,6,6
attack,6,6
attain,6,6
attempt,7,6
attend,6,6
attract,7,6
auction,7,6
audio,5,24
audit,5,5
august,6,5
aunt,4,8
author,6,5
auto,4,3
autumn,6,5
average,7,17
avoid,5,5
await,5,25
award,5,8
aware,5,25
away,4,26
awful,5,5
awkward,7,7
baby,4,27
back,4,28
backing,7,29
backup,6,29
bad,3,28
badge,5,28
badly,5,30
bag,3,28
bail,4,28
bake,4,28
balance,7,29
ball,4,28
ballet,6,31
balloon,7,31
ballot,6,31
ban,3,28
banana,6,32
band,4,28
bank,4,28
banner,6,31
bar,3,28
bare,4,28
barely,6,30
bargain,7,31
barrel,6,31
barrier,7,33
base,4,28
based,5,28
basic,5,34
basis,5,34
basket,6,31
bass,4,28
bat,3,28
bath,4,28
battery,7,35
battle,6,30
bay,3,36
be,2,36
beach,5,28
beam,4,28
bean,4,28
bear,4,28
beast,5,28
beat,4,28
beauty,6,27
because,7,34
become,6,34
bed,3,28
bedroom,7,31
bee,3,36
beef,4,28
beer,4,28
before,6,34
beg,3,28
begin,5,34
behalf,6,34
behave,6,34
behind,6,34
being,5,28
belief,6,34
believe,7,34
bell,4,28
belong,6,34
beloved,7,37
below,5,34
belt,4,28
bench,5,28
bend,4,28
beneath,7,34
benefit,7,38
bent,4,28
beside,6,34
besides,7,34
best,4,28
bet,3,28
betray,6,27
better,6,31
between,7,34
beyond,6,39
bias,4,28
bicycle,7,40
bid,3,28
big,3,28
bike,4,28
bill,4,28
billion,7,31
bin,3,28
bind,4,28
biology,7,41
bird,4,28
birth,5,28
biscuit,7,31
bishop,6,29
bit,3,28
bite,4,28
bitter,6,31
bizarre,7,34
black,5,28
blade,5,28
blame,5,28
blank,5,28
blanket,7,31
blast,5,28
bleed,5,28
blend,5,28
bless,5,28
blind,5,28
block,5,28
blog,4,28
blonde,6,28
blood,5,28
blow,4,36
blue,4,36
board,5,28
boast,5,28
boat,4,28
body,4,42
boil,4,28
bold,4,28
bomb,4,28
bombing,7,29
bond,4,28
bone,4,28
bonus,5,34
book,4,28
booking,7,29
boom,4,28
boost,5,28
boot,4,28
border,6,31
bored,5,28
boring,6,29
born,4,28
borrow,6,30
boss,4,28
both,4,28
bother,6,29
bottle,6,30
bottom,6,31
bounce,6,28
bound,5,28
bow,3,36
bowl,4,28
box,3,28
boy,3,36
brain,5,28
branch,6,28
brand,5,28
brave,5,28
breach,6,28
bread,5,28
break,5,28
breast,6,28
breath,6,28
breathe,7,28
breed,5,28
brick,5,28
bride,5,28
bridge,6,28
brief,5,28
briefly,7,30
bright,6,28
bring,5,28
broad,5,28
broadly,7,30
broken,6,34
brother,7,29
brown,5,28
browser,7,29
brush,5,28
brutal,6,34
bubble,6,30
buck,4,28
buddy,5,30
budget,6,29
buffer,6,29
bug,3,28
build,5,28
bulk,4,28
bullet,6,31
bunch,5,28
burden,6,31
burial,6,43
burn,4,28
burst,5,28
bury,4,28
bus,3,28
bush,4,28
busy,4,42
but,3,28
butter,6,31
button,6,31
buy,3,36
by,2,36
bye,3,36
cabin,5,29
cabinet,7,38
cable,5,27
cafe,4,27
cake,4,28
call,4,28
calm,4,28
camera,6,44
camp,4,28
camping,7,29
campus,6,31
can,3,28
canal,5,34
cancel,6,31
cancer,6,31
candle,6,30
cannot,6,31
canvas,6,31
cap,3,28
capable,7,40
capital,7,38
captain,7,31
capture,7,31
car,3,28
carbon,6,31
card,4,28
care,4,28
career,6,34
careful,7,31
cargo,5,30
carpet,6,31
carrot,6,31
carry,5,30
cartoon,7,31
carve,5,28
case,4,28
cash,4,28
casino,6,40
cast,4,28
castle,6,30
casual,6,43
cat,3,28
catch,5,28
cater,5,29
cattle,6,30
cause,5,28
caution,7,34
cave,4,28
cease,5,28
ceiling,7,29
cell,4,28
cent,4,28
central,7,31
centre,6,30
century,7,45
certain,7,31
chain,5,28
chair,5,28
chamber,7,31
chance,6,28
change,6,28
channel,7,31
chaos,5,28
chapter,7,31
charge,6,28
charity,7,46
charm,5,28
chart,5,28
charter,7,31
chase,5,28
chat,4,28
cheap,5,28
cheat,5,28
check,5,28
cheek,5,28
cheer,5,28
cheese,6,28
chef,4,28
chest,5,28
chicken,7,29
chief,5,28
child,5,28
chip,4,28
choice,6,28
choir,5,28
choose,6,28
chop,4,28
chronic,7,29
chunk,5,28
church,6,28
cinema,6,46
circle,6,30
circuit,7,31
cite,4,28
citizen,7,38
city,4,42
civic,5,29
civil,5,29
claim,5,28
clarify,7,46
clarity,7,46
clash,5,28
class,5,28
classic,7,31
clause,6,28
clean,5,28
clear,5,28
clearly,7,30
clerk,5,28
clever,6,29
click,5,28
client,6,39
cliff,5,28
climate,7,34
climb,5,28
cling,5,28
clinic,6,29
clip,4,28
clock,5,28
close,5,28
closed,6,28
closely,7,30
closure,7,34
cloth,5,28
clothes,7,28
cloud,5,28
club,4,28
clue,4,28
cluster,7,31
coach,5,28
coal,4,28
coast,5,28
coastal,7,29
coat,4,28
code,4,28
coffee,6,30
coin,4,28
cold,4,28
collect,7,31
college,7,31
colony,6,46
colour,6,29
column,6,29
combat,6,31
combine,7,31
come,4,28
comedy,6,46
comfort,7,31
comic,5,29
command,7,31
comment,7,31
commit,6,31
common,6,31
company,7,45
compare,7,31
compel,6,31
compete,7,31
compile,7,31
complex,7,31
comply,6,30
compose,7,31
compute,7,31
conceal,7,31
concede,7,31
concept,7,31
concern,7,31
concert,7,31
condemn,7,31
conduct,7,31
confer,6,31
confess,7,31
confine,7,31
confirm,7,31
confuse,7,31
connect,7,31
conquer,7,31
consent,7,31
consist,7,31
consult,7,31
consume,7,31
contact,7,31
contain,7,31
contend,7,31
content,7,31
contest,7,31
context,7,31
control,7,31
convert,7,31
convey,6,30
convict,7,31
cook,4,28
cooker,6,29
cooking,7,29
cool,4,28
cop,3,28
cope,4,28
copper,6,31
copy,4,42
core,4,28
corner,6,31
correct,7,31
corrupt,7,31
cost,4,28
costly,6,30
costume,7,31
cottage,7,31
cotton,6,31
could,5,28
council,7,31
count,5,28
counter,7,29
country,7,30
county,6,30
coup,4,28
couple,6,13
courage,7,29
course,6,28
court,5,28
cousin,6,29
cover,5,29
covered,7,29
cow,3,36
crack,5,28
craft,5,28
crash,5,28
crawl,5,28
crazy,5,27
cream,5,28
create,6,39
creator,7,47
credit,6,29
creep,5,28
crew,4,36
crime,5,28
crisis,6,34
critic,6,29
crop,4,28
cross,5,28
crowd,5,28
crowded,7,29
crown,5,28
crucial,7,34
crude,5,28
cruel,5,28
cruise,6,28
crush,5,28
cry,3,36
crystal,7,31
cue,3,36
cult,4,28
culture,7,31
cup,3,28
cure,4,28
curious,7,48
curly,5,42
current,7,31
curtain,7,31
curve,5,28
curved,6,28
custody,7,45
custom,6,31
cut,3,28
cute,4,28
cutting,7,31
cycle,5,27
cynical,7,38
dad,3,28
daily,5,27
dairy,5,42
dam,3,28
damage,6,29
dance,5,28
dancer,6,29
dancing,7,29
danger,6,31
dare,4,28
dark,4,28
data,4,27
date,4,28
dawn,4,28
day,3,28
dead,4,28
deadly,6,30
deal,4,28
dealer,6,29
dear,4,28
death,5,28
debate,6,34
debris,6,34
debt,4,28
debut,5,34
decade,6,29
decent,6,34
decide,6,34
deck,4,28
declare,7,34
decline,7,34
deed,4,28
deem,4,28
deep,4,28
deeply,6,30
default,7,34
defeat,6,34
defect,6,34
defence,7,34
defend,6,34
deficit,7,38
define,6,34
defy,4,27
degree,6,27
delay,5,27
delete,6,34
delight,7,34
deliver,7,37
demand,6,34
demon,5,34
denial,6,48
dense,5,28
density,7,45
dentist,7,31
deny,4,28
depart,6,34
depend,6,34
depict,6,34
deploy,6,27
deposit,7,37
deprive,7,34
depth,5,28
deputy,6,46
derive,6,34
descend,7,34
descent,7,34
desert,6,34
deserve,7,34
design,6,34
desire,6,34
desk,4,28
desktop,7,31
despite,7,34
destroy,7,27
detail,6,34
detain,6,34
detect,6,34
develop,7,37
device,6,34
devil,5,29
devise,6,34
devote,6,34
diagram,7,47
diamond,7,34
diary,5,27
dictate,7,31
die,3,36
diet,4,28
differ,6,31
dig,3,28
digital,7,49
dignity,7,45
dilemma,7,50
dinner,6,31
dip,3,28
direct,6,34
dirt,4,28
dirty,5,42
disc,4,28
discard,7,31
discuss,7,31
disease,7,29
dish,4,28
dislike,7,31
dismiss,7,31
display,7,30
dispose,7,31
dispute,7,31
disrupt,7,31
distant,7,31
distort,7,31
disturb,7,31
dive,4,28
diverse,7,34
divert,6,34
divide,6,34
divine,6,34
divorce,7,34
do,2,36
doctor,6,31
dog,3,28
dollar,6,31
domain,6,34
donate,6,34
donor,5,34
door,4,28
dose,4,28
dot,3,28
double,6,27
doubt,5,28
down,4,28
dozen,5,29
draft,5,28
drag,4,28
drain,5,28
drama,5,27
draw,4,36
drawing,7,39
dream,5,28
dress,5,28
dressed,7,28
drift,5,28
drink,5,28
drive,5,28
driver,6,29
driving,7,29
drop,4,28
drought,7,28
drown,5,28
drug,4,28
drum,4,28
drunk,5,28
dry,3,36
dual,4,28
dub,3,28
due,3,36
dull,4,28
dumb,4,28
dump,4,28
duo,3,36
during,6,29
dust,4,28
duty,4,28
dynamic,7,37
each,4,8
eager,5,5
ear,3,8
early,5,13
earn,4,8
earth,5,8
ease,4,8
easily,6,51
east,4,8
eastern,7,7
easy,4,52
eat,3,8
echo,4,52
economy,7,2
edge,4,8
edit,4,7
edition,7,23
editor,6,15
educate,7,15
effect,6,6
effort,6,6
egg,3,8
ego,3,3
eight,5,8
eighty,6,52
either,6,5
elbow,5,6
elderly,7,53
elect,5,5
elegant,7,15
element,7,15
elevate,7,15
eleven,6,4
elite,5,5
else,4,8
email,5,5
embark,6,6
embassy,7,54
embed,5,6
embody,6,14
embrace,7,6
emerge,6,5
emotion,7,23
empire,6,6
employ,6,13
empower,7,9
empty,5,13
enable,6,51
enact,5,7
end,3,8
ending,6,7
endless,7,6
endorse,7,6
endure,6,6
enemy,5,51
energy,6,53
enforce,7,6
engage,6,6
engaged,7,6
engine,6,6
enhance,7,6
enjoy,5,6
enough,6,5
enquire,7,6
enquiry,7,14
enrich,6,6
enrol,5,6
ensue,5,13
ensure,6,6
enter,5,6
entire,6,6
entitle,7,16
entity,6,16
entry,5,13
episode,7,15
equal,5,5
equally,7,10
equip,5,5
era,3,3
erect,5,5
error,5,6
erupt,5,5
escape,6,6
essay,5,13
essence,7,6
estate,6,6
eternal,7,1
ethic,5,7
ethical,7,15
ethnic,6,6
euro,4,3
even,4,5
evening,7,6
event,5,5
ever,4,7
every,5,13
evident,7,15
evil,4,5
evoke,5,5
evolve,6,5
exact,5,7
exactly,7,53
exam,4,7
examine,7,17
example,7,53
exceed,6,6
except,6,6
excess,6,6
excited,7,55
exclude,7,6
excuse,6,6
execute,7,15
exert,5,7
exhibit,7,55
exile,5,7
exist,5,7
exit,4,7
exotic,6,17
expand,6,6
expect,6,6
expense,7,6
expert,6,6
expire,6,6
explain,7,6
explode,7,6
exploit,7,6
explore,7,6
export,6,6
expose,6,6
express,7,6
extend,6,6
extent,6,6
extra,5,13
extract,7,6
extreme,7,6
eye,3,0
fabric,6,31
face,4,28
fact,4,28
faction,7,31
factor,6,31
factory,7,45
faculty,7,56
fade,4,28
fail,4,28
failed,6,28
failure,7,29
fair,4,28
fairly,6,30
faith,5,28
fake,4,28
fall,4,28
false,5,28
fame,4,28
family,6,46
famous,6,34
fan,3,28
fancy,5,30
fantasy,7,45
far,3,28
fare,4,28
farm,4,28
farmer,6,29
farming,7,29
fashion,7,29
fast,4,28
fasten,6,31
fat,3,28
fatal,5,34
fate,4,28
father,6,29
fault,5,28
favour,6,34
fear,4,28
feat,4,28
feather,7,29
feature,7,34
federal,7,49
fee,3,36
feed,4,28
feeding,7,29
feel,4,28
feeling,7,29
fellow,6,30
female,6,34
fence,5,28
fever,5,34
few,3,36
fibre,5,28
fiction,7,31
field,5,28
fierce,6,28
fifteen,7,31
fifth,5,28
fifty,5,30
fight,5,28
figure,6,29
file,4,28
fill,4,28
film,4,28
filter,6,31
final,5,34
finally,7,50
finance,7,34
find,4,28
finding,7,29
fine,4,28
finger,6,31
finish,6,29
fire,4,28
firearm,7,29
firm,4,28
firmly,6,30
first,5,28
firstly,7,30
fish,4,28
fishing,7,29
fit,3,28
fitness,7,31
five,4,28
fix,3,28
fixed,5,28
fixture,7,31
flag,4,28
flame,5,28
flash,5,28
flat,4,28
flavour,7,34
flaw,4,36
flawed,6,28
flee,4,36
fleet,5,28
flesh,5,28
flight,6,28
float,5,28
flood,5,28
floor,5,28
flour,5,28
flow,4,36
flower,6,39
flu,3,36
fluid,5,28
fly,3,36
flying,6,39
focus,5,34
fold,4,28
folding,7,29
folk,4,28
follow,6,30
fond,4,28
food,4,28
fool,4,28
foot,4,28
footage,7,29
for,3,28
forbid,6,31
force,5,28
foreign,7,29
forest,6,29
forever,7,49
forge,5,28
forget,6,31
forgive,7,31
fork,4,28
form,4,28
formal,6,31
format,6,31
former,6,31
formula,7,45
forth,5,28
fortune,7,31
forty,5,30
forum,5,34
forward,7,29
fossil,6,31
foster,6,31
found,5,28
founder,7,31
four,4,28
fourth,6,28
fragile,7,29
frame,5,28
frankly,7,30
fraud,5,28
free,4,36
freedom,7,34
freely,6,27
freeze,6,28
fresh,5,28
friday,6,27
fridge,6,28
friend,6,28
frog,4,28
from,4,28
front,5,28
frozen,6,34
fruit,5,28
fry,3,36
fuel,4,28
fulfil,6,31
full,4,28
fully,5,30
fun,3,28
fund,4,28
funding,7,29
funeral,7,37
funny,5,30
fur,3,28
furious,7,48
further,7,31
future,6,34
gain,4,28
gallery,7,35
gallon,6,31
game,4,28
gaming,6,29
gang,4,28
gap,3,28
garage,6,34
garden,6,31
gas,3,28
gate,4,28
gather,6,29
gay,3,36
gaze,4,28
gear,4,28
gender,6,31
gene,4,28
general,7,49
generic,7,37
genetic,7,37
genius,6,29
genre,5,30
gentle,6,30
genuine,7,43
gesture,7,31
get,3,28
ghost,5,28
giant,5,28
gift,4,28
gig,3,28
girl,4,28
give,4,28
glad,4,28
glance,6,28
glass,5,28
glimpse,7,28
global,6,29
globe,5,28
glory,5,27
glove,5,28
go,2,36
goal,4,28
god,3,28
gold,4,28
golden,6,29
golf,4,28
good,4,28
goodbye,7,30
goods,5,28
govern,6,29
grab,4,28
grace,5,28
grade,5,28
grain,5,28
grand,5,28
grant,5,28
graphic,7,29
grasp,5,28
grass,5,28
grave,5,28
gravity,7,46
great,5,28
greatly,7,30
green,5,28
greet,5,28
grey,4,36
grid,4,28
grief,5,28
grin,4,28
grind,5,28
grip,4,28
grocery,7,32
ground,6,28
group,5,28
grow,4,36
growth,6,28
guard,5,28
guess,5,28
guest,5,28
guide,5,28
guilt,5,28
guilty,6,42
guitar,6,34
gun,3,28
gut,3,28
guy,3,36
gym,3,28
habit,5,29
habitat,7,38
hail,4,8
hair,4,28
half,4,28
halfway,7,42
hall,4,28
halt,4,8
hand,4,28
handful,7,31
handle,6,30
handy,5,42
hang,4,8
happen,6,31
happily,7,45
happy,5,30
harbour,7,31
hard,4,28
hardly,6,30
harm,4,8
harmful,7,31
harmony,7,45
harsh,5,28
harvest,7,31
hat,3,28
hate,4,28
hatred,6,34
haunt,5,28
have,4,28
hazard,6,29
he,2,36
head,4,28
heal,4,28
health,6,28
healthy,7,42
hear,4,28
hearing,7,29
heart,5,28
heat,4,28
heating,7,29
heaven,6,29
heavily,7,46
heavy,5,42
heel,4,28
height,6,28
hell,4,28
hello,5,30
helmet,6,31
help,4,28
helpful,7,31
hence,5,28
her,3,28
herb,4,28
here,4,28
hero,4,27
hers,4,28
herself,7,31
hey,3,36
hi,2,36
hidden,6,31
hide,4,28
high,4,28
highly,6,30
highway,7,42
hill,4,28
him,3,28
himself,7,31
hint,4,8
hip,3,28
hire,4,8
his,3,28
history,7,45
hit,3,28
hobby,5,30
hockey,6,42
hold,4,28
hole,4,28
holiday,7,46
hollow,6,30
holy,4,27
home,4,28
honest,6,29
honesty,7,56
honour,6,29
hook,4,28
hope,4,28
hopeful,7,31
horizon,7,57
horn,4,8
horror,6,31
horse,5,28
host,4,8
hostage,7,31
hostile,7,31
hot,3,28
hotel,5,34
hour,4,28
house,5,28
housing,7,29
how,3,36
however,7,58
huge,4,28
human,5,34
humble,6,30
humour,6,34
hundred,7,31
hunger,6,31
hungry,6,30
hunt,4,8
hunting,7,29
hurry,5,30
hurt,4,28
husband,7,31
i,1,0
ice,3,8
icon,4,5
idea,4,24
ideal,5,12
idiot,5,20
if,2,8
ignore,6,6
ill,3,8
illegal,7,11
illness,7,6
image,5,7
imagery,7,53
imagine,7,17
immense,7,6
immune,6,6
impact,6,6
imply,5,13
import,6,6
impose,6,6
impress,7,6
improve,7,6
in,2,8
inch,4,8
include,7,6
income,6,6
incur,5,6
indeed,6,6
index,5,6
indoor,6,6
indoors,7,6
induce,6,6
indulge,7,6
infant,6,6
infect,6,6
infer,5,6
inflict,7,6
info,4,13
inform,6,6
inherit,7,55
inhibit,7,55
initial,7,15
inject,6,6
injure,6,6
injured,7,6
injury,6,16
ink,3,8
inmate,6,6
inner,5,6
input,5,6
insect,6,6
insert,6,6
inside,6,6
insider,7,55
insight,7,6
insist,6,6
inspect,7,6
inspire,7,6
install,7,6
instant,7,6
instead,7,6
insult,6,6
intact,6,6
intake,6,6
intend,6,6
intense,7,6
intent,6,6
interim,7,55
into,4,13
invade,6,6
invent,6,6
invest,6,6
invite,6,6
invoke,6,6
involve,7,6
iron,4,5
ironic,6,4
irony,5,22
island,6,6
isolate,7,23
issue,5,13
it,2,8
item,4,5
its,3,8
itself,6,6
jacket,6,29
jail,4,28
jam,3,28
january,7,59
jazz,4,28
jeans,5,28
jet,3,28
job,3,28
join,4,28
joint,5,28
joke,4,28
journal,7,31
journey,7,30
joy,3,36
judge,5,28
juice,5,28
july,4,27
jump,4,28
june,4,28
junior,6,29
jury,4,27
just,4,28
justice,7,31
justify,7,45
keen,4,28
keep,4,28
key,3,36
kick,4,28
kid,3,28
kidnap,6,31
kidney,6,30
kill,4,28
killing,7,29
kind,4,28
king,4,28
kingdom,7,31
kiss,4,28
kit,3,28
kitchen,7,29
knee,4,36
knife,5,28
knock,5,28
know,4,36
lab,3,28
label,5,34
labour,6,34
lack,4,28
lad,3,28
ladder,6,31
lady,4,28
lake,4,28
lamp,4,28
land,4,28
landing,7,29
lane,4,28
lap,3,28
laptop,6,31
large,5,28
largely,7,30
laser,5,34
last,4,28
late,4,28
lately,6,30
later,5,29
latest,6,29
latter,6,31
laugh,5,28
launch,6,28
law,3,36
lawn,4,28
lawsuit,7,34
lawyer,6,29
lay,3,36
layer,5,39
layout,6,39
lazy,4,27
lead,4,28
leader,6,29
leading,7,29
leaf,4,28
leaflet,7,31
league,6,28
leak,4,28
lean,4,28
leap,4,28
learn,5,28
least,5,28
leather,7,29
leave,5,28
lecture,7,31
left,4,28
leg,3,28
legacy,6,46
legal,5,34
legend,6,29
leisure,7,34
lemon,5,29
lend,4,28
length,6,28
lengthy,7,42
lens,4,28
lesbian,7,33
less,4,28
lesser,6,29
lesson,6,31
let,3,28
lethal,6,34
letter,6,31
level,5,29
liable,6,60
liberal,7,49
liberty,7,56
library,7,32
licence,7,34
license,7,34
lie,3,36
life,4,28
lift,4,28
light,5,28
like,4,28
likely,6,30
limb,4,28
limit,5,29
limited,7,49
line,4,28
linear,6,43
linger,6,31
link,4,28
lion,4,28
lip,3,28
liquid,6,29
list,4,28
listen,6,31
listing,7,29
litre,5,28
litter,6,31
little,6,30
live,4,28
lively,6,30
liver,5,29
living,6,29
load,4,28
loan,4,28
lobby,5,30
local,5,34
locate,6,34
located,7,37
lock,4,28
log,3,28
logic,5,34
logical,7,38
logo,4,27
lonely,6,30
long,4,28
look,4,28
loom,4,28
loop,4,28
loose,5,28
lord,4,28
lorry,5,30
lose,4,28
loss,4,28
lost,4,28
lot,3,28
lottery,7,35
loud,4,28
loudly,6,30
love,4,28
lovely,6,30
low,3,36
lower,5,39
loyal,5,39
loyalty,7,61
luck,4,28
lucky,5,42
lunch,5,28
lung,4,28
luxury,6,46
lyric,5,34
machine,7,34
mad,3,28
magic,5,29
magical,7,38
mail,4,28
main,4,28
mainly,6,30
major,5,34
make,4,28
making,6,29
male,4,28
mall,4,28
man,3,28
manage,6,29
manager,7,49
mandate,7,31
manner,6,31
many,4,42
map,3,28
march,5,28
margin,6,31
marine,6,34
mark,4,28
marker,6,29
market,6,31
married,7,31
marry,5,30
martial,7,31
mask,4,28
mass,4,28
massive,7,31
master,6,31
match,5,28
mate,4,28
maths,5,28
matter,6,31
mature,6,34
maximum,7,38
may,3,36
maybe,5,27
mayor,5,39
me,2,36
meal,4,28
mean,4,28
meaning,7,29
means,5,28
measure,7,29
meat,4,28
medal,5,34
media,5,62
medical,7,38
medium,6,48
meet,4,28
meeting,7,29
melody,6,46
melt,4,28
member,6,31
memo,4,42
memoir,6,29
memory,6,46
mental,6,31
mention,7,31
mentor,6,31
menu,4,42
mercy,5,30
mere,4,28
merely,6,30
merge,5,28
merger,6,29
merit,5,29
mess,4,28
message,7,31
metal,5,29
method,6,29
metre,5,27
middle,6,30
midst,5,28
might,5,28
mild,4,28
mile,4,28
militia,7,40
milk,4,28
mill,4,28
million,7,31
mind,4,28
mine,4,28
miner,5,29
mineral,7,49
minimal,7,38
minimum,7,38
mining,6,29
minor,5,29
minute,6,29
miracle,7,46
mirror,6,31
misery,6,44
miss,4,28
missile,7,31
missing,7,29
mission,7,31
mistake,7,31
mix,3,28
mixed,5,28
mixture,7,31
mob,3,28
mobile,6,34
mode,4,28
model,5,29
modern,6,29
modest,6,29
modify,6,46
moment,6,34
monday,6,30
money,5,34
monitor,7,38
monk,4,28
monkey,6,31
monster,7,31
month,5,28
monthly,7,30
mood,4,28
moon,4,28
moral,5,29
more,4,28
morning,7,29
mosque,6,28
most,4,28
mostly,6,30
mother,6,29
motion,6,34
motive,6,34
motor,5,34
mount,5,28
mouse,5,28
mouth,5,28
move,4,28
movie,5,42
moving,6,29
much,4,28
mud,3,28
mum,3,28
murder,6,31
muscle,6,30
museum,6,48
music,5,34
musical,7,57
must,4,28
mutual,6,48
my,2,36
myself,6,34
mystery,7,35
myth,4,28
nail,4,28
naked,5,34
name,4,28
namely,6,30
narrow,6,30
nasty,5,30
nation,6,34
native,6,34
natural,7,38
nature,6,34
naval,5,34
near,4,28
nearby,6,30
nearly,6,30
neat,4,28
neck,4,28
need,4,28
needle,6,27
neglect,7,34
neither,7,34
nerve,5,28
nervous,7,29
nest,4,28
net,3,28
network,7,29
neutral,7,34
never,5,29
new,3,36
newly,5,27
news,4,28
next,4,28
nice,4,28
niche,5,28
night,5,28
nine,4,28
ninety,6,30
no,2,36
noble,5,28
nobody,6,32
nod,3,28
noise,5,28
noisy,5,42
nominee,7,46
none,4,28
noon,4,28
nor,3,28
norm,4,28
normal,6,31
north,5,28
nose,4,28
not,3,28
notable,7,40
notably,7,40
note,4,28
nothing,7,29
notice,6,34
notify,6,40
notion,6,34
novel,5,29
now,3,36
nowhere,7,34
nuclear,7,34
number,6,31
nurse,5,28
nursery,7,44
nursing,7,29
nut,3,28
obesity,7,63
obey,4,5
object,6,6
oblige,6,5
observe,7,6
obsess,6,6
obtain,6,6
obvious,7,9
occupy,6,16
occur,5,6
ocean,5,5
october,7,11
odd,3,8
odds,4,8
of,2,8
off,3,8
offence,7,6
offend,6,6
offer,5,6
office,6,6
officer,7,11
often,5,6
oh,2,8
oil,3,8
old,3,8
on,2,8
once,4,8
one,3,8
ongoing,7,9
onion,5,7
online,6,6
only,4,13
onto,4,13
open,4,5
opening,7,4
openly,6,10
opera,5,64
operate,7,17
opinion,7,4
oppose,6,6
opposed,7,6
opt,3,8
optical,7,11
option,6,6
or,2,8
oral,4,5
orange,6,7
order,5,6
organ,5,6
organic,7,55
origin,6,15
other,5,7
ought,5,8
our,3,8
ours,4,8
out,3,8
outcome,7,6
outdoor,7,6
outer,5,7
outfit,6,6
outing,6,7
outlet,6,6
outline,7,6
outlook,7,6
output,6,6
outrage,7,6
outside,7,6
oven,4,7
over,4,5
overall,7,4
overly,6,10
oversee,7,10
owe,3,0
own,3,8
owner,5,7
oxygen,6,15
pace,4,28
pack,4,28
package,7,29
packet,6,29
pad,3,28
page,4,28
pain,4,28
painful,7,31
paint,5,28
painter,7,29
pair,4,28
palace,6,29
pale,4,28
palm,4,28
pan,3,28
panel,5,29
panic,5,29
pants,5,28
paper,5,34
parade,6,34
parent,6,29
parish,6,29
park,4,28
parking,7,29
part,4,28
partial,7,31
partly,6,30
partner,7,31
party,5,30
pass,4,28
passage,7,31
passing,7,29
passion,7,31
passive,7,31
past,4,28
pastor,6,31
patch,5,28
patent,6,29
path,4,28
pathway,7,42
patient,7,34
patrol,6,34
patron,6,34
pattern,7,31
pause,5,28
pay,3,36
payment,7,34
peace,5,28
peak,4,28
peasant,7,29
peer,4,28
pen,3,28
penalty,7,56
pencil,6,31
penny,5,30
pension,7,31
people,6,27
pepper,6,31
per,3,28
perfect,7,31
perform,7,31
perhaps,7,31
period,6,48
permit,6,31
persist,7,31
person,6,31
pet,3,28
petrol,6,31
phase,5,28
phone,5,28
photo,5,27
phrase,6,28
physics,7,29
piano,5,65
pick,4,28
picture,7,31
piece,5,28
pig,3,28
pile,4,28
pill,4,28
pilot,5,34
pin,3,28
pink,4,28
pioneer,7,47
pipe,4,28
pirate,6,34
pit,3,28
pitch,5,28
pity,4,42
place,5,28
plain,5,28
plan,4,28
plane,5,28
planet,6,29
plant,5,28
plastic,7,31
plate,5,28
play,4,36
player,6,39
plea,4,36
plead,5,28
please,6,28
pleased,7,28
pledge,6,28
plenty,6,30
plot,4,28
plug,4,28
plunge,6,28
plus,4,28
pocket,6,29
poem,4,28
poet,4,28
poetry,6,61
point,5,28
pointed,7,29
poison,6,34
pole,4,28
police,6,34
policy,6,46
polite,6,34
poll,4,28
pond,4,28
pool,4,28
poor,4,28
pop,3,28
popular,7,38
port,4,28
portion,7,31
portray,7,31
pose,4,28
possess,7,31
post,4,28
poster,6,29
pot,3,28
potato,6,40
pound,5,28
pour,4,28
poverty,7,56
powder,6,34
power,5,28
praise,6,28
pray,4,36
prayer,6,39
preach,6,28
precede,7,34
precise,7,34
predict,7,34
prefer,6,34
premier,7,34
premise,7,29
premium,7,48
prepare,7,34
present,7,29
preside,7,34
press,5,28
presume,7,34
pretend,7,34
pretty,6,30
prevail,7,34
prevent,7,34
prey,4,36
price,5,28
pride,5,28
priest,6,28
primary,7,40
prime,5,28
prince,6,28
print,5,28
printer,7,29
prior,5,39
prison,6,29
privacy,7,40
private,7,34
prize,5,28
probe,5,28
problem,7,31
proceed,7,34
process,7,29
produce,7,34
product,7,29
profile,7,34
profit,6,29
program,7,34
project,7,29
promise,7,29
promote,7,34
prompt,6,28
proof,5,28
proper,6,29
propose,7,34
protect,7,34
protein,7,34
protest,7,34
proud,5,28
prove,5,28
provide,7,34
provoke,7,34
pub,3,28
public,6,31
publish,7,31
pull,4,28
pulse,5,28
pump,4,28
punch,5,28
punish,6,29
punk,4,28
pupil,5,34
pure,4,28
purely,6,30
purple,6,30
purpose,7,31
pursue,6,30
pursuit,7,31
push,4,28
put,3,28
puzzle,6,30
qualify,7,46
quality,7,46
quarter,7,31
queen,5,28
query,5,3
quest,5,8
queue,5,36
quick,5,28
quickly,7,30
quiet,5,28
quietly,7,61
quit,4,28
quite,5,28
quota,5,3
quote,5,28
race,4,28
racial,6,34
racing,6,29
racism,6,29
racist,6,29
radar,5,34
radical,7,38
radio,5,62
rage,4,28
raid,4,28
rail,4,28
railway,7,42
rain,4,28
raise,5,28
rally,5,30
random,6,31
range,5,28
rank,4,28
ranking,7,29
rape,4,28
rapid,5,29
rapidly,7,56
rare,4,28
rarely,6,30
rat,3,28
rate,4,28
rather,6,29
rating,6,29
ratio,5,62
raw,3,36
ray,3,36
reach,5,28
react,5,28
read,4,28
reader,6,29
readily,7,46
reading,7,29
ready,5,27
real,4,28
reality,7,41
realize,7,58
really,6,61
realm,5,28
rear,4,28
reason,6,34
rebel,5,29
rebuild,7,34
recall,6,34
receipt,7,34
receive,7,34
recent,6,34
recipe,6,46
reckon,6,29
record,6,29
recount,7,34
recover,7,37
recruit,7,34
recycle,7,40
red,3,28
reduce,6,34
refer,5,34
referee,7,44
reflect,7,34
reform,6,34
refuge,6,29
refugee,7,46
refusal,7,37
refuse,6,34
regain,6,34
regard,6,34
regime,6,34
region,6,34
regret,6,34
regular,7,38
reign,5,28
reject,6,34
relate,6,34
related,7,37
relax,5,34
relaxed,7,34
release,7,34
relief,6,34
relieve,7,34
rely,4,27
remain,6,34
remains,7,34
remark,6,34
remedy,6,46
remind,6,34
remote,6,34
removal,7,37
remove,6,34
render,6,31
renew,5,34
rent,4,28
rental,6,29
repair,6,34
repeat,6,34
replace,7,34
reply,5,27
report,6,34
request,7,34
require,7,34
rescue,6,30
reserve,7,34
reside,6,34
residue,7,46
resign,6,34
resist,6,34
resolve,7,34
resort,6,34
respect,7,34
respond,7,34
rest,4,28
restore,7,34
result,6,34
resume,6,34
retail,6,34
retain,6,34
retire,6,34
retired,7,34
retreat,7,34
return,6,34
reveal,6,34
revenge,7,34
revenue,7,46
reverse,7,34
review,6,27
revise,6,34
revival,7,37
revive,6,34
reward,6,39
rhythm,6,28
rice,4,28
rich,4,28
rid,3,28
ride,4,28
rifle,5,28
right,5,28
ring,4,28
riot,4,28
rip,3,28
rise,4,28
risk,4,28
risky,5,42
ritual,6,43
rival,5,34
river,5,29
road,4,28
rob,3,28
robbery,7,35
robot,5,34
robust,6,34
rock,4,28
rocket,6,29
rod,3,28
role,4,28
roll,4,28
romance,7,34
roof,4,28
room,4,28
root,4,28
rope,4,28
rose,4,28
rotate,6,34
rough,5,28
roughly,7,30
round,5,28
route,5,28
routine,7,34
row,3,36
royal,5,39
rub,3,28
rubber,6,31
rubbish,7,31
rude,4,28
rugby,5,30
ruin,4,28
rule,4,28
ruling,6,29
rumour,6,34
run,3,28
runner,6,31
running,7,31
rural,5,34
rush,4,28
sack,4,28
sacred,6,34
sad,3,28
sadly,5,30
safe,4,28
safety,6,30
sail,4,28
sailing,7,29
sailor,6,29
saint,5,28
sake,4,28
salad,5,29
salary,6,46
sale,4,28
salt,4,28
same,4,28
sample,6,30
sand,4,28
satisfy,7,56
sauce,5,28
save,4,28
saving,6,29
say,3,36
scale,5,28
scan,4,28
scandal,7,31
scare,5,28
scared,6,28
scary,5,42
scene,5,28
scheme,6,28
scholar,7,29
school,6,28
science,7,39
scope,5,28
score,5,28
scratch,7,28
scream,6,28
screen,6,28
screw,5,36
script,6,28
sea,3,36
seal,4,28
search,6,28
season,6,34
seat,4,28
second,6,29
secret,6,34
section,7,31
sector,6,31
secular,7,38
secure,6,34
see,3,36
seed,4,28
seek,4,28
seeker,6,29
seem,4,28
segment,7,31
seize,5,28
seldom,6,31
select,6,34
self,4,28
sell,4,28
seminar,7,38
senator,7,38
send,4,28
senior,6,29
sense,5,28
serial,6,48
series,6,34
serious,7,48
servant,7,29
serve,5,28
service,7,31
session,7,31
set,3,28
setting,7,31
settle,6,30
settler,7,31
seven,5,29
seventy,7,56
several,7,49
severe,6,34
sex,3,28
sexual,6,43
sexy,4,42
shade,5,28
shadow,6,42
shake,5,28
shall,5,28
shallow,7,30
shame,5,28
shape,5,28
shaped,6,28
share,5,28
sharp,5,28
shatter,7,31
she,3,36
shed,4,28
sheep,5,28
sheer,5,28
sheet,5,28
shelf,5,28
shell,5,28
shelter,7,31
shift,5,28
shine,5,28
shiny,5,42
ship,4,28
shirt,5,28
shock,5,28
shocked,7,28
shoe,4,36
shoot,5,28
shop,4,28
shore,5,28
short,5,28
shortly,7,30
shot,4,28
should,6,28
shout,5,28
show,4,36
shower,6,39
shrink,6,28
shrug,5,28
shut,4,28
shy,3,36
sibling,7,31
sick,4,28
side,4,28
sigh,4,28
sight,5,28
sign,4,28
signal,6,31
silence,7,34
silent,6,34
silk,4,28
silly,5,30
silver,6,31
similar,7,38
simple,6,30
simply,6,30
sin,3,28
since,5,28
sincere,7,31
sing,4,28
singer,6,29
singing,7,29
single,6,30
sink,4,28
sir,3,28
sister,6,31
sit,3,28
site,4,28
six,3,28
sixteen,7,31
sixty,5,30
size,4,28
sketch,6,28
ski,3,36
skiing,6,39
skill,5,28
skilled,7,28
skin,4,28
skip,4,28
skirt,5,28
skull,5,28
sky,3,36
slam,4,28
slap,4,28
slash,5,28
slave,5,28
slavery,7,44
sleep,5,28
slice,5,28
slide,5,28
slight,6,28
slip,4,28
slogan,6,34
slope,5,28
slot,4,28
slow,4,28
slowly,6,27
small,5,28
smart,5,28
smash,5,28
smell,5,28
smile,5,28
smoke,5,28
smoking,7,29
smooth,6,28
snake,5,28
snap,4,28
snow,4,28
so,2,36
soak,4,28
soap,4,28
soar,4,28
soccer,6,31
social,6,34
society,7,66
sock,4,28
soft,4,28
soil,4,28
solar,5,34
soldier,7,31
sole,4,28
solely,6,30
solid,5,29
solo,4,27
solve,5,28
some,4,28
somehow,7,30
someone,7,29
son,3,28
song,4,28
soon,4,28
sorry,5,30
sort,4,28
soul,4,28
sound,5,28
soup,4,28
source,6,28
south,5,28
space,5,28
spam,4,28
span,4,28
spare,5,28
spark,5,28
speak,5,28
speaker,7,29
special,7,34
species,7,34
specify,7,46
speech,6,28
speed,5,28
spell,5,28
spend,5,28
sphere,6,28
spicy,5,42
spider,6,34
spill,5,28
spin,4,28
spine,5,28
spirit,6,29
spite,5,28
split,5,28
spoil,5,28
spoken,6,34
sponsor,7,31
spoon,5,28
sport,5,28
spot,4,28
spouse,6,28
spread,6,28
spring,6,28
spy,3,36
squad,5,28
square,6,28
squeeze,7,28
stab,4,28
stable,6,27
stadium,7,48
staff,5,28
stage,5,28
stair,5,28
stake,5,28
stall,5,28
stamp,5,28
stance,6,28
stand,5,28
star,4,28
stare,5,28
stark,5,28
start,5,28
starve,6,28
state,5,28
station,7,34
statue,6,42
status,6,34
stay,4,36
steady,6,42
steal,5,28
steam,5,28
steel,5,28
steep,5,28
steer,5,28
stem,4,28
step,4,28
stick,5,28
sticky,6,42
stiff,5,28
still,5,28
stir,4,28
stock,5,28
stomach,7,29
stone,5,28
stop,4,28
storage,7,29
store,5,28
storm,5,28
story,5,27
strain,6,28
strand,6,28
strange,7,28
stream,6,28
street,6,28
stress,6,28
stretch,7,28
strict,6,28
strike,6,28
string,6,28
strip,5,28
strive,6,28
stroke,6,28
strong,6,28
student,7,34
studio,6,62
study,5,42
stuff,5,28
stumble,7,30
stun,4,28
stupid,6,34
style,5,28
subject,7,31
submit,6,31
subsidy,7,45
subtle,6,30
suburb,6,29
succeed,7,31
success,7,31
such,4,28
suck,4,28
sudden,6,31
sue,3,36
suffer,6,31
sugar,5,29
suggest,7,31
suicide,7,47
suit,4,28
suite,5,28
sum,3,28
summary,7,45
summer,6,31
summit,6,31
sun,3,28
sunday,6,31
super,5,34
superb,6,34
supply,6,30
support,7,31
suppose,7,31
supreme,7,34
sure,4,28
surely,6,30
surface,7,31
surge,5,28
surgeon,7,31
surgery,7,35
surplus,7,31
survey,6,30
survive,7,31
suspect,7,31
suspend,7,31
sustain,7,31
swallow,7,30
swear,5,28
sweater,7,29
sweep,5,28
sweet,5,28
swim,4,28
swing,5,28
switch,6,28
sword,5,28
symbol,6,31
symptom,7,31
system,6,31
table,5,27
tablet,6,31
tackle,6,30
tactic,6,31
tag,3,28
tail,4,28
take,4,28
tale,4,28
talent,6,29
talk,4,28
tall,4,28
tank,4,28
tap,3,28
tape,4,28
target,6,31
task,4,28
taste,5,28
tax,3,28
taxi,4,42
tea,3,36
teach,5,28
teacher,7,29
team,4,28
tear,4,28
teenage,7,29
teens,5,28
tell,4,28
temple,6,30
tempt,5,28
ten,3,28
tenant,6,29
tend,4,28
tender,6,31
tennis,6,31
tension,7,31
tent,4,28
tenure,6,29
term,4,28
terms,5,28
terrain,7,31
terrify,7,45
terror,6,31
test,4,28
testify,7,45
testing,7,29
text,4,28
texture,7,31
than,4,28
thank,5,28
thanks,6,28
that,4,28
the,3,36
theatre,7,60
theft,5,28
their,5,28
theirs,6,28
them,4,28
theme,5,28
then,4,28
theory,6,60
therapy,7,46
there,5,28
thereby,7,30
thesis,6,34
they,4,36
thick,5,28
thief,5,28
thin,4,28
thing,5,28
think,5,28
third,5,28
thirsty,7,42
thirty,6,30
this,4,28
though,6,28
thought,7,28
thread,6,28
threat,6,28
three,5,36
thrive,6,28
throat,6,28
through,7,28
throw,5,36
thumb,5,28
thus,4,28
ticket,6,29
tide,4,28
tidy,4,27
tie,3,36
tight,5,28
tighten,7,29
till,4,28
timber,6,31
time,4,28
timely,6,30
timing,6,29
tin,3,28
tiny,4,27
tip,3,28
tired,5,28
tissue,6,30
title,5,28
to,2,36
tobacco,7,50
today,5,27
toe,3,36
toilet,6,34
toll,4,28
tomato,6,40
ton,3,28
tone,4,28
tongue,6,28
tonight,7,34
tonne,5,28
too,3,36
tool,4,28
tooth,5,28
top,3,28
topic,5,29
torture,7,31
toss,4,28
total,5,34
totally,7,50
touch,5,28
tough,5,28
tour,4,28
tourism,7,29
tourist,7,29
towards,7,39
towel,5,28
tower,5,39
town,4,28
toxic,5,29
toy,3,36
trace,5,28
track,5,28
trade,5,28
trading,7,29
traffic,7,31
tragedy,7,46
tragic,6,29
trail,5,28
trailer,7,29
train,5,28
trainer,7,29
trait,5,28
transit,7,31
trap,4,28
trauma,6,27
travel,6,29
treat,5,28
treaty,6,27
tree,4,36
trend,5,28
trial,5,28
tribal,6,29
tribe,5,28
tribute,7,29
trick,5,28
trigger,7,31
trio,4,36
trip,4,28
triumph,7,39
troop,5,28
trophy,6,27
trouble,7,27
truck,5,28
true,4,36
truly,5,27
trust,5,28
trustee,7,42
truth,5,28
try,3,36
tsunami,7,40
tube,4,28
tuesday,7,31
tuition,7,47
tune,4,28
tunnel,6,31
turn,4,28
turnout,7,29
twelve,6,28
twenty,6,30
twice,5,28
twin,4,28
twist,5,28
two,3,36
type,4,28
typical,7,38
tyre,4,28
ugly,4,3
unable,6,51
uncle,5,13
under,5,6
undergo,7,54
unfair,6,6
unfold,6,6
unhappy,7,54
uniform,7,23
unify,5,22
union,5,7
unique,6,5
unit,4,5
unite,5,5
united,6,4
unity,5,22
unknown,7,6
unless,6,6
unlike,6,6
until,5,6
unusual,7,67
unveil,6,6
up,2,8
update,6,6
upgrade,7,6
uphold,6,6
upon,4,5
upper,5,6
upset,5,6
upwards,7,7
urban,5,6
urge,4,8
urgent,6,6
us,2,8
usage,5,7
use,3,8
used,4,8
useful,6,6
useless,7,6
user,4,7
usual,5,12
usually,7,68
utility,7,2
utilize,7,23
utterly,7,54
vacuum,6,43
vague,5,28
valid,5,29
valley,6,30
value,5,42
van,3,28
vanish,6,29
varied,6,29
variety,7,66
various,7,43
vary,4,27
vast,4,28
vehicle,7,40
vein,4,28
venture,7,31
venue,5,42
verbal,6,31
verdict,7,31
verify,6,46
verse,5,28
version,7,31
versus,6,31
very,4,42
vessel,6,31
veteran,7,49
via,3,36
viable,6,60
vibrant,7,34
vice,4,28
vicious,7,34
victim,6,31
victory,7,45
video,5,69
view,4,36
viewer,6,39
village,7,31
violate,7,47
violent,7,47
virtual,7,33
virtue,6,30
virus,5,34
visa,4,27
visible,7,46
vision,6,34
visit,5,29
visitor,7,38
visual,6,43
vital,5,34
vitamin,7,57
vocal,5,34
voice,5,28
volume,6,29
vote,4,28
voting,6,29
vow,3,36
wage,4,8
wait,4,8
waiter,6,7
wake,4,8
walk,4,8
wall,4,8
wander,6,6
want,4,8
war,3,8
ward,4,8
warfare,7,6
warm,4,8
warming,7,7
warn,4,8
warning,7,7
warrant,7,6
warrior,7,9
wash,4,8
washing,7,7
waste,5,8
watch,5,8
water,5,5
wave,4,8
way,3,0
we,2,0
weak,4,8
weaken,6,7
wealth,6,8
wealthy,7,52
weapon,6,7
wear,4,8
weather,7,7
weave,5,8
web,3,8
website,7,6
wedding,7,7
weed,4,8
week,4,8
weekend,7,7
weekly,6,13
weigh,5,8
weight,6,8
weird,5,8
welcome,7,6
welfare,7,6
well,4,8
west,4,8
western,7,7
wet,3,8
what,4,8
wheat,5,8
wheel,5,8
when,4,8
where,5,8
whereas,7,7
whereby,7,13
whether,7,7
which,5,8
while,5,8
whilst,6,8
whip,4,8
whisper,7,6
white,5,8
who,3,36
whoever,7,65
whole,5,28
wholly,6,30
whom,4,28
whose,5,28
why,3,0
wide,4,8
widely,6,13
widen,5,7
widow,5,52
width,5,8
wife,4,8
wild,4,8
will,4,8
willing,7,7
win,3,8
wind,4,8
window,6,13
wine,4,8
wing,4,8
winner,6,6
winter,6,6
wipe,4,8
wire,4,8
wisdom,6,6
wise,4,8
wish,4,8
wit,3,8
with,4,8
within,6,7
without,7,7
witness,7,6
woman,5,5
wonder,6,6
wood,4,8
wooden,6,7
wool,4,8
word,4,8
work,4,8
worker,6,7
working,7,7
workout,7,7
world,5,8
worm,4,8
worried,7,6
worry,5,30
worse,5,28
worship,7,6
worst,5,28
worth,5,8
worthy,6,13
would,5,8
wound,5,8
wow,3,0
wrap,4,28
wrist,5,28
write,5,28
writer,6,29
writing,7,29
written,7,31
wrong,5,28
yard,4,8
yeah,4,8
year,4,8
yell,4,8
yellow,6,13
yes,3,8
yet,3,8
yield,5,8
you,3,0
young,5,8
your,4,8
yours,5,8
youth,5,8
zero,4,27
zone,4,28
